css-4rbku5 href,css-901oao,UserId,Tweet_Url,Date-Time,Tweets,css-9pa8cd src 2,Comments,Retweets,Likes,Impressions,css-4rbku5 2,css-4rbku5 3,css-4rbku5 4
https://twitter.com/dtptraffic,Delhi Traffic Police,@dtptraffic,https://twitter.com/dtptraffic/status/1721767079005782374,1h,"Traffic Alert
Traffic will remain heavy on Ring Road in the carriageway from Raja Garden towards Delhi Cantt. Metro Station due to breakdown of a truck on Mayapuri flyover.
Commuters are advised to plan their journey accordingly.",https://pbs.twimg.com/media/F-TyBDCbQAAiD_7?format=jpg&name=small,12,8,9,5.1K,,,
https://twitter.com/dtptraffic,Delhi Traffic Police,@dtptraffic,https://twitter.com/dtptraffic/status/1721753516946166265,2h,MGV has been removed.,https://pbs.twimg.com/profile_images/1691678203486879745/YUTdhCiB_normal.jpg,1,10,·,2.4K,,,
https://twitter.com/premiumcricline,premium cricket line,@premiumcricline,https://premiumcricketline.com/?twclid=2-5sz4f8li27j31d64r007ujzfo,,"Get set for the ultimate cricket contest! The arena is ready, and the thrill awaits. Are you ready?",https://pbs.twimg.com/media/F6hk_rjbIAAR8JB?format=jpg&name=120x120,Sign up to get a 500 INR free bonus!,"Win daily cash prizes of Rs. 100,000!",You Can win a fantastic trip to Goa!,We're here 24x7 to assist you.,,,
https://twitter.com/dtptraffic,Delhi Traffic Police,@dtptraffic,https://twitter.com/dtptraffic/status/1721721330335457476,4h,"Traffic Alert
Traffic will remain heavy on Ring Road in the carriageway from Mayapuri towards Delhi Cantt. Metro Station due to breakdown of a MGV on Naraina flyover 

Commuters are advised to plan their journey accordingly.",https://pbs.twimg.com/media/F-TH9kaaMAAo3Rz?format=jpg&name=900x900,2,5,9,5.6K,,,
https://twitter.com/dtptraffic,Delhi Traffic Police,@dtptraffic,https://twitter.com/dtptraffic/status/1721535014956138688,17h,Taking forward our efforts to spread,https://pbs.twimg.com/ext_tw_video_thumb/1721534249961152512/pu/img/lfrWFr92MwjbylTo.jpg,2,1,13,3.3K,#RoadSafety,#DelhiTrafficPolice,#Awareness
https://twitter.com/DelhiPolice,Delhi Police,@DelhiPolice,https://twitter.com/DelhiPolice/status/1721010735411810539,Nov 5,Follow traffic and safety rules to avoid jumbling your life with accidents.,https://pbs.twimg.com/ext_tw_video_thumb/1721010706529566720/pu/img/rgb_Z1H9aAG-EIL7.jpg,8,34,92,10K,#DelhiPolice,#RoadSafety,#DontDrinkAndDrive
https://twitter.com/dtptraffic,Delhi Traffic Police,@dtptraffic,https://twitter.com/dtptraffic/status/1720849907903607115,Nov 4,HTV has been removed.,https://pbs.twimg.com/profile_images/1691678203486879745/YUTdhCiB_normal.jpg,1,3,16,6.3K,,,
https://twitter.com/dtptraffic,Delhi Traffic Police,@dtptraffic,https://twitter.com/dtptraffic/status/1720790569562382381,Nov 4,"Traffic Alert
Traffic is affected on NH-48 in the carriageway from GGR flyover towards Mahipalpur  due to breakdown of a bus on GGR flyover.
Commuters are advised to plan their journey accordingly",https://pbs.twimg.com/media/F-F54IYa0AAY3of?format=jpg&name=small,3,16,,5.1K,,,
https://twitter.com/dtptraffic,Delhi Traffic Police,@dtptraffic,https://twitter.com/dtptraffic/status/1720790373675696197,Nov 4,In continuation our efforts to spread,https://pbs.twimg.com/ext_tw_video_thumb/1720790055240024064/pu/img/mc5XQbJVNcoYvirD.jpg,1,2,16,4K,#RoadSafety,#DelhiTrafficPolice,#Awareness
https://twitter.com/dtptraffic,Delhi Traffic Police,@dtptraffic,https://twitter.com/dtptraffic/status/1720780413453672562,Nov 4,"In continuation of our efforts to make children aware, the",https://pbs.twimg.com/media/F-FwoKzbYAAkW5B?format=jpg&name=360x360,2,16,,4.2K,#RoadSafety,#DelhiTrafficPolice,#Awareness
https://twitter.com/dtptraffic,Delhi Traffic Police,@dtptraffic,https://twitter.com/dtptraffic/status/1720768373573984612,Nov 4,"Traffic Alert
Traffic is affected in the carriageway from Bhajanpura towards Gokulpuri due to breakdown of an HTV near Khajuri flyover. 
Commuters are advised to plan their journey accordingly.",https://pbs.twimg.com/media/F-Fltkta4AEN06_?format=jpg&name=900x900,4,12,,10K,,,
https://twitter.com/MyIndusIndBank,IndusInd Bank,@MyIndusIndBank,https://twitter.com/hashtag/CheerForGreatness?src=hashtag_click,#CheerForGreatness,"Honouring the realm of those, who redefined the spirit of the game.
Get ready to relive the glory as the two Titans clash again! Join us as we",https://pbs.twimg.com/ext_tw_video_thumb/1720817052469059584/pu/img/iR1U8Rl6tzPWJqA4.jpg,.,,,,#CWC23,#INDvsSA,
https://twitter.com/dtptraffic,Delhi Traffic Police,@dtptraffic,https://twitter.com/dtptraffic/status/1720761690890088770,Nov 4,Bus has been removed.,https://pbs.twimg.com/profile_images/1691678203486879745/YUTdhCiB_normal.jpg,2,6,,5.1K,,,
https://twitter.com/dtptraffic,Delhi Traffic Police,@dtptraffic,https://twitter.com/dtptraffic/status/1720069894442742150,Nov 2,"In continuation of our efforts to inculcate road sense in children, the",https://pbs.twimg.com/ext_tw_video_thumb/1720068117936967680/pu/img/egwO3C4O1Du_vXsD.jpg,3,5,14,5.2K,#RoadSafety,#DelhiTrafficPolice,#Awareness
https://twitter.com/dtptraffic,Delhi Traffic Police,@dtptraffic,https://twitter.com/dtptraffic/status/1720059411367129465,Nov 2,"Traffic Alert
Traffic is affected on Mathura Road in the carriageway from Ashram towards Badarpur due to breakdown of a bus near Apollo Hospital Red Light.
Commuters are advised to plan their journey accordingly.",https://pbs.twimg.com/media/F97g6hZaIAAzine?format=jpg&name=small,1,3,19,11K,,,
https://twitter.com/dtptraffic,Delhi Traffic Police,@dtptraffic,https://twitter.com/dtptraffic/status/1719993789115506693,Nov 2,"Traffic Alert 
Traffic is affected at round about Seemapuri due to ongoing sewage cleaning work by civic agency. Commuters are advised to plan their journey accordingly.",https://pbs.twimg.com/media/F96lNN4acAANCqL?format=jpg&name=medium,3,5,19,6.3K,,,
https://twitter.com/dtptraffic,Delhi Traffic Police,@dtptraffic,https://twitter.com/dtptraffic/status/1719982564918919174,Nov 2,"Traffic Alert 
Traffic is affected in the carriageway from Delhi Gate, Firni Road, Najafgarh towards Chhawla Bus Stand due to ongoing construction work being carried out by DJB near Chhawla Bus Stand. Commuters are advised to plan their journey accordingly.",https://pbs.twimg.com/media/F96bAPtawAAyYLt?format=jpg&name=small,4,13,,3.4K,,,
https://twitter.com/dtptraffic,Delhi Traffic Police,@dtptraffic,https://twitter.com/dtptraffic/status/1719974521745387594,Nov 2,"Traffic Alert
Traffic is affected on NH-48 in the carriageway from Rajokri towards Mahipalpur due to breakdown of an LGV at Rajokri Flyover.
Commuters are advised to plan their journey accordingly.",https://pbs.twimg.com/media/F96TtL_boAABdjh?format=jpg&name=medium,1,5,17,5.2K,,,
https://twitter.com/dtptraffic,Delhi Traffic Police,@dtptraffic,https://twitter.com/dtptraffic/status/1719944610330664988,Nov 2,Vehicles have been removed.,https://pbs.twimg.com/profile_images/1691678203486879745/YUTdhCiB_normal.jpg,1,3,13,5.1K,,,
https://twitter.com/dtptraffic,Delhi Traffic Police,@dtptraffic,https://twitter.com/dtptraffic/status/1719939705121480976,Nov 2,"Traffic Alert
Traffic is affected in the carriageway from Mahipal Pur towards Rajokri due to breakdown of a vehicle under Mahipal pur flyover. 
Commuters are advised to plan their journey accordingly.",https://pbs.twimg.com/media/F950CT4aUAAe2-v?format=jpg&name=medium,5,4,37,8.5K,,,
https://twitter.com/dtptraffic,Delhi Traffic Police,@dtptraffic,https://twitter.com/dtptraffic/status/1719936019913662892,Nov 2,"Traffic Alert
Traffic is affected in the carriageway from Rao Tula Ram Marg towards Gurugram Road due to breakdown of a bus near Shani Mandir.

Commuters are advised to plan their journey accordingly.",https://pbs.twimg.com/media/F95wr02acAAg47k?format=jpg&name=small,3,7,,3.5K,,,
https://twitter.com/dtptraffic,Delhi Traffic Police,@dtptraffic,https://twitter.com/dtptraffic/status/1719900998830039478,Nov 2,"Traffic Alert
Traffic may remain heavy on Mathura Road in the carriageway from Ashram towards Badarpur due to accident of a Taxi and an LGV near CNG pump at Madanpur Khadar.

Commuters are advised to plan their journey accordingly.",,2,5,15,12K,,,
https://twitter.com/dtptraffic,Delhi Traffic Police,@dtptraffic,https://twitter.com/dtptraffic/status/1719574167643943087,Nov 1,"Traffic Alert 
Traffic is affected in the carriageway from Anand Vihar towards Dilshad Garden due to ongoing construction work at Ramprastha. Commuters are advised to plan their journey accordingly.",https://pbs.twimg.com/media/F90nk_ZboAAS3o_?format=jpg&name=small,2,8,30,7.6K,,,
https://twitter.com/dtptraffic,Delhi Traffic Police,@dtptraffic,https://twitter.com/dtptraffic/status/1719559445301371189,Nov 1,"Traffic Alert
Traffic is affected on Maa Anandmai Marg in the carriageway from Kalkaji Mandir towards Lal Kuan due to breakdown of a water tanker near Crown Plaza Red Light 

Commuters are advised to plan their journey accordingly.",https://pbs.twimg.com/media/F90aJTlbEAALMTP?format=jpg&name=small,1,2,24,5.6K,,,
https://twitter.com/dtptraffic,Delhi Traffic Police,@dtptraffic,https://twitter.com/dtptraffic/status/1719350547046977821,Oct 31,"Traffic Alert
Traffic is affected on Mathura Road in the carriageway from Badarpur towards Ashram due to breakdown of a bus near CRRI Red Light.

Commuters are advised to plan their journey accordingly.",https://pbs.twimg.com/media/F9xcLG9a8AAJp6n?format=jpg&name=medium,3,13,,4.7K,,,
https://twitter.com/dtptraffic,Delhi Traffic Police,@dtptraffic,https://twitter.com/dtptraffic/status/1719348694104019186,Oct 31,"Traffic Alert
Traffic is affected on Ring Road in the carriageway from Moolchand towards Lajpat Nagar flyover due to breakdown of a LGV.

Commuters are advised to plan their journey accordingly.",https://pbs.twimg.com/media/F9xahWRboAAqFKZ?format=jpg&name=900x900,3,9,,3.6K,,,
https://twitter.com/dtptraffic,Delhi Traffic Police,@dtptraffic,https://twitter.com/dtptraffic/status/1718939651799724446,Oct 30,"यातायात निर्देशिका

सरदार वल्लभभाई पटेल जी की जयंती के अवसर पर 30 और 31 अक्टूबर, 2023 को विजय चौक पर 'मेरी माटी, मेरा देश-अमृत कलश यात्रा' के लिए विशेष यातायात व्यवस्था की गई है। कृपया निर्देशिका का पालन करें।",https://pbs.twimg.com/media/F9rma0-bQAEtxTN?format=jpg&name=360x360,2,6,31,8.8K,#DPTrafficAdvisory,,
https://twitter.com/dtptraffic,Delhi Traffic Police,@dtptraffic,https://twitter.com/dtptraffic/status/1718938267490669001,Oct 30,"Traffic Advisory

Special traffic arrangements have been made for 'Meri Mati Mera Desh-Amrit Kalash Yatra' at Vijay Chowk on October 30 & 31, 2023 on the occasion of Sardar Vallabhbhai Patel Ji's birth anniversary. Kindly follow the advisory.",https://pbs.twimg.com/media/F9rk9LMbUAAK5t9?format=jpg&name=360x360,2,12,46,13K,#DPTrafficAdvisory,,
https://twitter.com/dtptraffic,Delhi Traffic Police,@dtptraffic,https://twitter.com/dtptraffic/status/1718886889854529926,Oct 30,"यातायात निर्देशिका

31 अक्टूबर, 2023 को",https://pbs.twimg.com/media/F9q2aDnboAE8fLU?format=jpg&name=360x360,1,6,15,4.3K,#राष्ट्रीय_एकता_दिवस,#DPTrafficAdvisory,
https://twitter.com/dtptraffic,Delhi Traffic Police,@dtptraffic,https://twitter.com/dtptraffic/status/1718884114324185280,Oct 30,"Traffic Advisory

Special traffic arrangements have been made in view of 'Run For Unity' from Major Dhyan Chand National Stadium on October 31, 2023 on the occasion of",https://pbs.twimg.com/media/F9qz6bnaIAAkBX4?format=jpg&name=360x360,1,11,28,12K,#RashtriyaEktaDiwas,#DPTrafficAdvisory,
https://twitter.com/dtptraffic,Delhi Traffic Police,@dtptraffic,https://twitter.com/dtptraffic/status/1718819245482745907,Oct 30,"Traffic Alert
Traffic will be affected on Ring Road in the carriageway from Bharat Darshan Park to Rajouri Garden due to breakdown of an HTV near ESI Hospital. 

Commuters are advised to plan their journey accordingly.",https://pbs.twimg.com/media/F9p4_HVbQAA08oX?format=jpg&name=small,2,16,,5.7K,,,
https://twitter.com/dtptraffic,Delhi Traffic Police,@dtptraffic,https://twitter.com/dtptraffic/status/1718693161667817975,Oct 29,"Now, traffic is normal on both the carriageways.",https://pbs.twimg.com/profile_images/1691678203486879745/YUTdhCiB_normal.jpg,2,23,,11K,,,
https://twitter.com/dtptraffic,Delhi Traffic Police,@dtptraffic,https://twitter.com/dtptraffic/status/1718660772841263217,Oct 29,"Traffic Alert

Both carriageways are affected at UP Gate, Gazipur Border & Murga Mandi due to protest. Please use elevated road of NH-9 and NH-24 and avoid under flyover road for Delhi-Ghaziabad  journey till 30.10.2023.",,8,16,52,35K,,,
https://twitter.com/dtptraffic,Delhi Traffic Police,@dtptraffic,https://twitter.com/dtptraffic/status/1718616642882838897,Oct 29,"यातायात निर्देशिका

सरदार वल्लभभाई पटेल की जयंती के अवसर पर 30 और 31 अक्टूबर, 2023 को विजय चौक पर 'मेरी माटी मेरा देश-अमृत कलश यात्रा' के दृष्टिगत विशेष यातायात व्यवस्था की गई है। कृपया निर्देशिका का पालन करें।",https://pbs.twimg.com/media/F9nAo-AbwAA_7Lz?format=jpg&name=360x360,2,10,40,10K,#DPTrafficAdvisory,,
https://twitter.com/dtptraffic,Delhi Traffic Police,@dtptraffic,https://twitter.com/dtptraffic/status/1718615825664639165,Oct 29,"Traffic Advisory

In view of 'Meri Mati Mera Desh-Amrit Kalash Yatra' at Vijay Chowk on October 30 & 31, 2023, special traffic arrangements have been made. Kindly follow the advisory.",https://pbs.twimg.com/media/F9m_4ghbIAAycIt?format=jpg&name=360x360,5,23,77,28K,#DPTrafficAdvisory,,
https://twitter.com/dtptraffic,Delhi Traffic Police,@dtptraffic,https://twitter.com/dtptraffic/status/1718582255394906442,Oct 29,"Traffic Alert
Traffic is heavy on Ring Road  in the carriageway from Punjabi Bagh towards Dhaula Kuan due to work on electric pole is being done on Mayapuri flyover. Kindly avoid the stretch.",https://pbs.twimg.com/media/F9mhbVsbMAENrUW?format=jpg&name=900x900,1,8,39,7.2K,,,
https://twitter.com/DelhiPolice,Delhi Police,@DelhiPolice,https://twitter.com/DelhiPolice/status/1718183565333303713,Oct 28,इस बार,https://pbs.twimg.com/ext_tw_video_thumb/1718183510819651584/pu/img/odOPjpKrEIbpCUwV.jpg,16,81,356,14K,#किस्सा_खाकी_का,#DPPodcast,
https://twitter.com/DelhiPolice,Delhi Police,@DelhiPolice,https://twitter.com/DelhiPolice/status/1718151509039554955,Oct 28,"Congratulations to our endless inspirations.

1st TIME EVER, Indian para athletes have achieved 100 Medals mark (more to come) at Asian Para  Games.",https://pbs.twimg.com/media/F9gZsOFXgAAW8lE?format=jpg&name=small,5,28,109,8.2K,#AsianParaGames,#100thMedals,#Cheer4India
https://twitter.com/DelhiPolice,Delhi Police,@DelhiPolice,https://twitter.com/DelhiPolice/status/1718110406085103631,Oct 28,"रामायण के रचयिता, आदिकवि महर्षि वाल्मीकि की जयंती पर आप सभी को हार्दिक शुभकामनाएं",https://pbs.twimg.com/media/F9f0TxDXMAAvycn?format=jpg&name=small,12,46,268,14K,#Valmikijayanti2023,#वाल्मीकि_जयंती,
https://twitter.com/dtptraffic,Delhi Traffic Police,@dtptraffic,https://twitter.com/dtptraffic/status/1717941084729610729,Oct 27,"Traffic Advisory

In view of Maharishi Valmiki Jayanti processions on October 28, 2023, special traffic arrangements have been made. Kindly follow the advisory.",https://pbs.twimg.com/media/F9daFLIaQAA5lwG?format=jpg&name=360x360,11,18,81,20K,#DPTrafficAdvisory,,
https://twitter.com/DelhiPolice,Delhi Police,@DelhiPolice,https://twitter.com/DelhiPolice/status/1717928716133978225,Oct 27,"मानव सेवा सर्वप्रथम
सड़क पर तड़पते पूर्व सैनिक को CPR देकर और समय पर अस्पताल पहुँचाकर दी नई ज़िंदगी, दिल्ली पुलिस की HC अंजू ने पेश की इंसानियत की मिसाल।",https://pbs.twimg.com/ext_tw_video_thumb/1717928535351005184/pu/img/41cLrOpDnXgMJc6l.jpg,67,213,973,33K,#Heroes_of_Delhi_Police,#DelhiPoliceCares,
https://twitter.com/dtptraffic,Delhi Traffic Police,@dtptraffic,https://twitter.com/dtptraffic/status/1717923182626394180,Oct 27,"In furtherance of our efforts to make Delhi roads safer, the",https://pbs.twimg.com/ext_tw_video_thumb/1717921798476750848/pu/img/ZnB01TUmgPd_d7P3.jpg,2,3,15,3.2K,#RoadSafety,#DelhiTrafficPolice,#FollowTrafficRules
https://twitter.com/dtptraffic,Delhi Traffic Police,@dtptraffic,https://twitter.com/dtptraffic/status/1717909227166113864,Oct 27,In continuation of creating,https://pbs.twimg.com/ext_tw_video_thumb/1717908668170264576/pu/img/pHh32al-9tEZg2m8.jpg,1,1,9,2.5K,#RoadSafety,#DelhiTrafficPolice,#Awareness
https://twitter.com/dtptraffic,Delhi Traffic Police,@dtptraffic,https://twitter.com/dtptraffic/status/1717906836580639044,Oct 27,"In continuation of our efforts to spread awareness,",https://pbs.twimg.com/ext_tw_video_thumb/1717905170674466816/pu/img/JmUM8WmmEdwuv_wl.jpg,1,8,,2.6K,#RoadSafety,#DelhiTrafficPolice,#Awareness
https://twitter.com/dtptraffic,Delhi Traffic Police,@dtptraffic,https://twitter.com/dtptraffic/status/1717883241502519691,Oct 27,"Traffic Alert

Due to sewage line repair work at CV Raman Marg, traffic will be affected. Please follow the suggested route.",https://pbs.twimg.com/media/F9clq36bwAAS3ry?format=jpg&name=small,2,8,24,9.4K,#DPTrafficAlert,,
https://twitter.com/dtptraffic,Delhi Traffic Police,@dtptraffic,https://twitter.com/dtptraffic/status/1717833976751214623,Oct 27,"Traffic Alert
Traffic is affected in the carriageway from RML towards 11 Murti due to breakdown of a truck. Kindly avoid the stretch",https://pbs.twimg.com/media/F9b449EbkAAo4wt?format=jpg&name=small,3,3,9,4.2K,,,
https://twitter.com/dtptraffic,Delhi Traffic Police,@dtptraffic,https://twitter.com/dtptraffic/status/1717816482816737361,Oct 27,"Traffic Alert
Traffic is affected on Outer Ring Road in the carriageway from Bhera Enclave towards Janak Puri and vice- versa due to ongoing construction work being carried out by DMRC. 

Commuters are advised to plan their journey accordingly.",https://pbs.twimg.com/ext_tw_video_thumb/1717816436851441664/pu/img/_cWh1xEDmdnaPEy0.jpg,3,6,32,8.9K,,,
https://twitter.com/dtptraffic,Delhi Traffic Police,@dtptraffic,https://twitter.com/dtptraffic/status/1717568027179589766,Oct 26,In a run up to,https://pbs.twimg.com/media/F9YHAHQbkAAUEo9?format=jpg&name=small,1,2,19,4.2K,#WorldCitiesDay,#RaahgiriDay,@CPDelhi
https://twitter.com/dtptraffic,Delhi Traffic Police,@dtptraffic,https://twitter.com/dtptraffic/status/1717526732687946196,Oct 26,"Traffic Alert
Traffic is affected in the carriageway from Tilak Nagar towards Moti Nagar due to breakdown of a bus near Rajouri Garden Metro Station. Kindly avoid the stretch.",https://pbs.twimg.com/media/F9XhVVjasAAuFhn?format=jpg&name=small,5,3,19,6.2K,,,
https://twitter.com/dtptraffic,Delhi Traffic Police,@dtptraffic,https://twitter.com/dtptraffic/status/1717385926903771474,Oct 26,"Traffic Alert
Traffic is affected in the carriageway from Rao Tula Ram Marg towards NH-8 due to breakdown of a bus at Shankar Vihar cut. Kindly avoid the stretch.",https://pbs.twimg.com/media/F9VhYeKbsAA6oQt?format=jpg&name=900x900,7,,,2.5K,,,
https://twitter.com/dtptraffic,Delhi Traffic Police,@dtptraffic,https://twitter.com/dtptraffic/status/1717383735753228580,Oct 26,"Traffic Alert
Traffic is affected in the carriageway from Fortis Hospital Vasant Kunj towards Andheria Mor due to leakage in underground water pipeline of DJB. Kindly avoid the stretch.",https://pbs.twimg.com/ext_tw_video_thumb/1717383686809853952/pu/img/MchCowaNfStyF_Nm.jpg,2,26,,8.3K,,,
https://twitter.com/dtptraffic,Delhi Traffic Police,@dtptraffic,https://twitter.com/dtptraffic/status/1717156480858943566,Oct 25,Taking forward our efforts to spread,https://pbs.twimg.com/ext_tw_video_thumb/1717155366314926080/pu/img/-41uwDuBhR9DbAHp.jpg,1,1,18,3K,#RoadSafety,#DelhiTrafficPolice,#Awareness
https://twitter.com/dtptraffic,Delhi Traffic Police,@dtptraffic,https://twitter.com/dtptraffic/status/1717152902030987451,Oct 25,"In continuation of our efforts to spread awareness,",,1,2,21,3.1K,#RoadSafety,#DelhiTrafficPolice,#Awareness
https://twitter.com/dtptraffic,Delhi Traffic Police,@dtptraffic,https://twitter.com/dtptraffic/status/1717133835870335135,Oct 25,"Traffic Alert
Traffic is affected on Ring Road in the carriageway from Raja Garden towards Punjabi Bagh due to ongoing work being carried out by DJB near flyover construction site. 
Commuters are advised to plan their journey accordingly.",https://pbs.twimg.com/ext_tw_video_thumb/1717133770095296512/pu/img/GcMLm9cz2eWImyRB.jpg,2,9,34,6.9K,,,
https://twitter.com/dtptraffic,Delhi Traffic Police,@dtptraffic,https://twitter.com/dtptraffic/status/1717102218674163905,Oct 25,Bus has been removed.,https://pbs.twimg.com/profile_images/1691678203486879745/YUTdhCiB_normal.jpg,10,,,4K,,,
https://twitter.com/dtptraffic,Delhi Traffic Police,@dtptraffic,https://twitter.com/dtptraffic/status/1717081537618104483,Oct 25,"Traffic Alert
Traffic is affected in the carriageway from Teen Murti towards Kautilya Marg due to breakdown of a bus. Kindly avoid the stretch.",https://pbs.twimg.com/media/F9RMhD_aYAAjGZF?format=jpg&name=small,2,4,33,11K,,,
https://twitter.com/dtptraffic,Delhi Traffic Police,@dtptraffic,https://twitter.com/dtptraffic/status/1716764814750703856,Oct 24,"Traffic Advisory

In view of",https://pbs.twimg.com/media/F9MsfigbcAAXIex?format=jpg&name=small,1,7,21,7.4K,#RaahgiriDay,#DPTrafficAdvisory,
https://twitter.com/dtptraffic,Delhi Traffic Police,@dtptraffic,https://twitter.com/dtptraffic/status/1716752434855567773,Oct 24,"बुराई पर अच्छाई की जीत के पावन पर्व दशहरा पर आइए, मिलकर ’सड़क नियमों’ के उल्लंघन रूपी बुराइयों का अंत करें।",https://pbs.twimg.com/ext_tw_video_thumb/1716752069615661056/pu/img/mXyJ79wu6iF6YrAn.jpg,8,11,68,8K,#DelhiTrafficPolice,#Dussehra,#विजयदशमी
https://twitter.com/dtptraffic,Delhi Traffic Police,@dtptraffic,https://twitter.com/dtptraffic/status/1716733978630320456,Oct 24,"यातायात निर्देशिका

25 अक्टूबर, 2023 को अरुण जेटली स्टेडियम में ऑस्ट्रेलिया और नीदरलैंड के मध्य खेले जाने वाले ICC पुरुष",https://pbs.twimg.com/media/F9MQYuqaMAAcU1f?format=jpg&name=360x360,3,12,,5.5K,#CricketWorldCup2023,#DPTrafficAdvisory,#CWC2023
https://twitter.com/dtptraffic,Delhi Traffic Police,@dtptraffic,https://twitter.com/dtptraffic/status/1716732866460364859,Oct 24,"Traffic Advisory

In view of the ICC Men's",https://pbs.twimg.com/media/F9MPUmVa0AAI0Xd?format=jpg&name=360x360,1,3,,3.2K,#CricketWorldCup2023,#DPTrafficAdvisory,#CWC2023
https://twitter.com/dtptraffic,Delhi Traffic Police,@dtptraffic,https://twitter.com/dtptraffic/status/1716717448085606614,Oct 24,"यातायात निर्देशिका

25 अक्टूबर, 2023 को अरुण जेटली स्टेडियम में ऑस्ट्रेलिया और नीदरलैंड के मध्य खेले जाने वाले ICC पुरुष",https://pbs.twimg.com/media/F9MBZm6bwAA6kXv?format=jpg&name=small,7,31,,6.7K,#CricketWorldCup2023,#DPTrafficAdvisory,#CWC2023
https://twitter.com/dtptraffic,Delhi Traffic Police,@dtptraffic,https://twitter.com/dtptraffic/status/1716716918714044864,Oct 24,"Traffic Advisory

In view of the ICC Men's",https://pbs.twimg.com/media/F9MA6bTaUAAMmom?format=jpg&name=small,1,9,,5.2K,#CricketWorldCup2023,#DPTrafficAdvisory,#CWC2023
https://twitter.com/DelhiPolice,Delhi Police,@DelhiPolice,https://twitter.com/DelhiPolice/status/1716689882264068514,Oct 24,"दशहरा इस विश्वास को और दृढ़ करता है कि धर्म और सत्य की विजय निश्चित है

सभी को विजय दशमी की हार्दिक शुभकामनाएं",https://pbs.twimg.com/media/F9LoWXCW0AAzN3b?format=jpg&name=small,26,61,324,20K,#Dussehra,#विजयदशमी,
https://twitter.com/dtptraffic,Delhi Traffic Police,@dtptraffic,https://twitter.com/dtptraffic/status/1715721332720377904,Oct 21,The Road Safety Cell of the,https://pbs.twimg.com/ext_tw_video_thumb/1715721111420502016/pu/img/cEnISo4EN0gqXHMy.jpg,1,13,,3.7K,#DelhiTrafficPolice,#RoadSafety,
https://twitter.com/dtptraffic,Delhi Traffic Police,@dtptraffic,https://twitter.com/dtptraffic/status/1715713259716902989,Oct 21,"Traffic Alert
Traffic will remain affected on Lal Bahadur Shastri Marg towards Savitri Flyover and Inder Mohan Bhardwaj Marg towards GK-2/CR Park till 11:30 PM due to heavy footfall in nearby Durga Puja Pandals. Commuters are advised to plan their journey accordingly.",,1,12,,3.1K,,,
https://twitter.com/dtptraffic,Delhi Traffic Police,@dtptraffic,https://twitter.com/dtptraffic/status/1715712659772109031,Oct 21,"Traffic Alert
Traffic is affected on Barapulla flyover loop towards Sarai Kale khan loop due to breakdown of a vehicle on Barapulla flyover. Kindly avoid the stretch.",https://pbs.twimg.com/media/F89vkWlaIAA3cai?format=jpg&name=small,1,9,49,6.5K,,,
https://twitter.com/dtptraffic,Delhi Traffic Police,@dtptraffic,https://twitter.com/dtptraffic/status/1715696025472729344,Oct 21,"Traffic Alert
Traffic is affected on Ring Road in the carriageway from Delhi Cantt. Metro Station towards Mayapuri due to breakdown of a truck on Naraina flyover 

Commuters are advised to plan their journey accordingly.",https://pbs.twimg.com/media/F89gb6magAAA8EG?format=jpg&name=900x900,4,4,17,9.8K,,,
https://twitter.com/dtptraffic,Delhi Traffic Police,@dtptraffic,https://twitter.com/dtptraffic/status/1715690772853592413,Oct 21,"Traffic Alert
Traffic is affected on Ring Road in the carriageway from Punjabi Bagh towards Delhi Cantt. Metro Station due to breakdown of a LGV on Mayapuri flyover.

Commuters are advised to plan their journey accordingly.",https://pbs.twimg.com/media/F89bqXJagAAagG-?format=jpg&name=900x900,1,11,,3.4K,,,
https://twitter.com/dtptraffic,Delhi Traffic Police,@dtptraffic,https://twitter.com/dtptraffic/status/1715622608815931558,Oct 21,"Traffic Alert
Traffic is affected in the carriageway from Dhansa Stand, Firni road, Najafgarh towards Dhansa Border/Mitraon village due to breakdown of an HTV near Khera Mor Red Light.",https://pbs.twimg.com/media/F88dmSGbcAAMqAT?format=jpg&name=small,3,4,18,3.8K,,,
https://twitter.com/dtptraffic,Delhi Traffic Police,@dtptraffic,https://twitter.com/dtptraffic/status/1715602696403902789,Oct 21,"Traffic Alert
Traffic is affected in the carriageway from Yudhister Setu towards Tis Hazari Court due to breakdown of three buses.
 
Commuters are advised to plan their journey accordingly.",https://pbs.twimg.com/media/F88Lf5ab0AAlFym?format=jpg&name=small,3,14,,3.6K,,,
https://twitter.com/dtptraffic,Delhi Traffic Police,@dtptraffic,https://twitter.com/dtptraffic/status/1715602252218650653,Oct 21,"Traffic Alert
Traffic is affected on Station Road Delhi Cantt. in the carriageway from Thimayya Marg Red Light towards Dhaula Kuan due to breakdown of a bus. 

Commuters are advised to plan their journey accordingly.",https://pbs.twimg.com/media/F88LJfdaAAAo0yD?format=jpg&name=small,3,6,24,4.6K,,,
https://twitter.com/dtptraffic,Delhi Traffic Police,@dtptraffic,https://twitter.com/dtptraffic/status/1715388341108294141,Oct 20,"A road safety awareness session was conducted by the Delhi Traffic Police for the National Cadet Corps at NCC Bhawan, Rohini, with the aim of sensitising the students about the importance of obeying traffic rules.",https://pbs.twimg.com/ext_tw_video_thumb/1715387705780215808/pu/img/sNEAUqvVfELZ_Iq6.jpg,2,8,,2.7K,#Awareness,#RoadSafety,#DelhiTrafficPolice
https://twitter.com/DelhiPolice,Delhi Police,@DelhiPolice,https://twitter.com/DelhiPolice/status/1715329134786945450,Oct 20,इस बार,https://pbs.twimg.com/ext_tw_video_thumb/1715328545311051776/pu/img/sRQQ7xulyGIy9OZJ.jpg,8,59,192,12K,#किस्सा_खाकी_का,#DPPodcast,
https://twitter.com/dtptraffic,Delhi Traffic Police,@dtptraffic,https://twitter.com/dtptraffic/status/1715283986984108329,Oct 20,"यातायात निर्देशिका

लाल किले के सामने माधव दास पार्क और 15 अगस्त पार्क में तीन प्रमुख राम लीलाओं के दृष्टिगत यातायात विनियम प्रभावी होंगे।

कृपया निर्देशिका का पालन करें।",https://pbs.twimg.com/media/F83pjjobEAAKhQN?format=jpg&name=360x360,2,16,,4.3K,#DPTrafficAdvisory,,
https://twitter.com/dtptraffic,Delhi Traffic Police,@dtptraffic,https://twitter.com/dtptraffic/status/1715283177344991418,Oct 20,"Traffic Advisory

In view of three major Ram Leelas at Madhav Das Park and 15th August Park in front of Red Fort, traffic regulations will be effective. 

Kindly follow the advisory.",https://pbs.twimg.com/media/F83oxO0a8AAgIlF?format=jpg&name=360x360,10,4,20,6.9K,#DPTrafficAdvisory,,
https://twitter.com/dtptraffic,Delhi Traffic Police,@dtptraffic,https://twitter.com/dtptraffic/status/1715220459539841333,Oct 20,"Traffic Alert
Traffic is affected on Rohtak Road in the carriageway from Mundka towards Nangloi due to breakdown of a bus near Rajdhani Park.

Commuters are advised to plan their journey accordingly.",https://pbs.twimg.com/media/F82v6Hra8AA5oEv?format=jpg&name=small,2,4,14,5.1K,,,
https://twitter.com/dtptraffic,Delhi Traffic Police,@dtptraffic,https://twitter.com/dtptraffic/status/1715220002335502644,Oct 20,"Traffic Alert
Traffic is affected on Ring Road in the carriageway from round about Punjabi Bagh towards Bharat Darshan Park due to breakdown of a bus. Kindly avoid the stretch.",https://pbs.twimg.com/media/F82vew2agAAOZhM?format=jpg&name=small,2,4,17,4.8K,,,
https://twitter.com/dtptraffic,Delhi Traffic Police,@dtptraffic,https://twitter.com/dtptraffic/status/1715185154153730158,Oct 20,"Traffic Alert
Traffic is affected on Ring Road in the carriageway from Rajouri Garden towards  Round About Punjabi Bagh due to breakdown of an HTV near Bharat Darshan Park.

Commuters are advised to plan their journey accordingly.",https://pbs.twimg.com/media/F82PxS2aQAAcUG-?format=jpg&name=small,2,3,14,4.7K,,,
https://twitter.com/DelhiPolice,Delhi Police,@DelhiPolice,https://twitter.com/DelhiPolice/status/1715005289068646841,Oct 19,"कड़ी मेहनत और बुलंद हौसले से पाया सेहतमंद शरीर, सच कर दिखाया ये कथन के
""हिम्मत करने वालों की हार नहीं होती""
दिल्ली पुलिस के मेहनती SI बिजेंद्र कादयान की प्रेरणादायक कहानी",https://pbs.twimg.com/ext_tw_video_thumb/1715005039750905856/pu/img/5JF0KVvKLOve842R.jpg,27,106,568,35K,#Heroes_of_Delhi_police,,
https://twitter.com/dtptraffic,Delhi Traffic Police,@dtptraffic,https://twitter.com/dtptraffic/status/1714999898519781521,Oct 19,Taking forward our efforts to spread,https://pbs.twimg.com/ext_tw_video_thumb/1714998859183915008/pu/img/eAWm_J36V1C43QEs.jpg,2,1,8,2.6K,#RoadSafety,#DelhiTrafficPolice,#Awareness
https://twitter.com/dtptraffic,Delhi Traffic Police,@dtptraffic,https://twitter.com/dtptraffic/status/1714988054145011990,Oct 19,"In continuation of our efforts to inculcate road sense in children, the",,2,16,,2.8K,#RoadSafety,#DelhiTrafficPolice,#Awareness
https://twitter.com/dtptraffic,Delhi Traffic Police,@dtptraffic,https://twitter.com/dtptraffic/status/1714959611537784974,Oct 19,"Traffic Alert 
Traffic is affected on Ring road in the carriageway from Shakurpur towards round about Punjabi Bagh due to breakdown of an HTV. Kindly avoid the stretch.",https://pbs.twimg.com/media/F8zCqraboAEEGBL?format=jpg&name=900x900,1,4,23,3.9K,,,
https://twitter.com/dtptraffic,Delhi Traffic Police,@dtptraffic,https://twitter.com/dtptraffic/status/1714921343781831145,Oct 19,"यातायात निर्देशिका

19 से 20 अक्टूबर, 2023 तक झड़ौदा गांव, नजफगढ़ में आयोजित बाबा हरिदास मेले के दृष्टिगत यातायात विनियम प्रभावी रहेंगे।
कृपया निर्देशिका का पालन करें।",https://pbs.twimg.com/media/F8yfzjwbwAAluvo?format=jpg&name=360x360,2,2,42,10K,#DPTrafficAdvisory,,
https://twitter.com/dtptraffic,Delhi Traffic Police,@dtptraffic,https://twitter.com/dtptraffic/status/1714920619010298134,Oct 19,"Traffic Advisory

In view of Baba Haridas Mela at Jharoda Village, Najafgarh from 19th to 20th October, 2023, traffic regulations will be effective.
Kindly follow the advisory.",https://pbs.twimg.com/media/F8yfILpa8AAfzOV?format=jpg&name=360x360,2,16,,4.5K,#DPTrafficAdvisory,,
https://twitter.com/dtptraffic,Delhi Traffic Police,@dtptraffic,https://twitter.com/dtptraffic/status/1714875643387859013,Oct 19,"Traffic Alert 
Traffic is affected on Chhawla road in the carriageway from Kapashera/Bijwasan towards Chhawla Village and Najafgarh due to breakdown of a bus near Chhawla drain. Kindly avoid the stretch.",https://pbs.twimg.com/media/F8x2TdAagAAPV3b?format=jpg&name=900x900,3,11,,3.9K,,,
https://twitter.com/dtptraffic,Delhi Traffic Police,@dtptraffic,https://twitter.com/dtptraffic/status/1714875287496995041,Oct 19,"Traffic Alert 
Traffic is affected on Kanjhawala road in the carriageway from Mangolpuri towards Kanjhawala due to breakdown of a bus near Mangolpuri Y-Block Red Light. Kindly avoid the stretch.",https://pbs.twimg.com/media/F8x1-hKaQAAn55j?format=jpg&name=small,9,,,3.1K,,,
https://twitter.com/DelhiPolice,Delhi Police,@DelhiPolice,https://twitter.com/DelhiPolice/status/1714661043853819905,Oct 18,दिल्ली पुलिस की,https://pbs.twimg.com/ext_tw_video_thumb/1714660898844053504/pu/img/pNt2upYpnvOtob_1.jpg,7,36,114,12K,#DPUpdates,,
https://twitter.com/dtptraffic,Delhi Traffic Police,@dtptraffic,https://twitter.com/dtptraffic/status/1714625053592326308,Oct 18,A special,https://pbs.twimg.com/ext_tw_video_thumb/1714623649297387520/pu/img/iU2qqTpOOZfQ0uHq.jpg,3,12,,2.6K,#RoadSafety,#DelhiTrafficPolice,
https://twitter.com/dtptraffic,Delhi Traffic Police,@dtptraffic,https://twitter.com/dtptraffic/status/1714616843401609633,Oct 18,"Traffic Alert 
Traffic is affected on Outer Ring road in the carriageway from Bhera Enclave towards Peeragarhi due to breakdown of a bus near Peeragarhi Flyover. Kindly avoid the stretch.",https://pbs.twimg.com/ext_tw_video_thumb/1714616777970532352/pu/img/nlw21tpz-3A-DWO-.jpg,8,6,50,11K,,,
https://twitter.com/dtptraffic,Delhi Traffic Police,@dtptraffic,https://twitter.com/dtptraffic/status/1714586801137197118,Oct 18,"Traffic Alert 
Traffic is affected in the carriageway from Dwarka Mor towards Uttam Nagar due to breakdown of an MGV near Dwarka Mor Metro Station. Commuters are advised to plan their journey accordingly.",https://pbs.twimg.com/media/F8tvlevbsAA3kKK?format=jpg&name=900x900,1,3,14,3.4K,,,
https://twitter.com/dtptraffic,Delhi Traffic Police,@dtptraffic,https://twitter.com/dtptraffic/status/1714585486600331304,Oct 18,"Traffic Alert 
Traffic is affected on Ring road in the carriageway from Raja Garden towards Bharat Darshan Park due to breakdown of an LGV near CNG Pump. Kindly avoid the stretch.",https://pbs.twimg.com/media/F8tuYVZaEAAMbEx?format=jpg&name=small,2,8,,2.9K,,,
https://twitter.com/dtptraffic,Delhi Traffic Police,@dtptraffic,https://twitter.com/dtptraffic/status/1714583234544337407,Oct 18,MGV has been removed.,https://pbs.twimg.com/profile_images/1691678203486879745/YUTdhCiB_normal.jpg,1,10,,4K,,,
https://twitter.com/dtptraffic,Delhi Traffic Police,@dtptraffic,https://twitter.com/dtptraffic/status/1714582158973800821,Oct 18,Bus has been removed.,https://pbs.twimg.com/profile_images/1691678203486879745/YUTdhCiB_normal.jpg,1,1,4,3.7K,,,
https://twitter.com/dtptraffic,Delhi Traffic Police,@dtptraffic,https://twitter.com/dtptraffic/status/1714567813556531608,Oct 18,"Traffic Alert
Traffic will remain affected in the carriageway from Africa Avenue towards Yashwant Place and from Leela Palace Hotel round about towards Chanakyapuri due to ongoing repairing work of DJB at round about Leela Palace Hotel. Kindly plan your journey accordingly.",,4,7,,3.9K,,,
https://twitter.com/dtptraffic,Delhi Traffic Police,@dtptraffic,https://twitter.com/dtptraffic/status/1714552200234766729,Oct 18,Bus has been removed.,https://pbs.twimg.com/profile_images/1691678203486879745/YUTdhCiB_normal.jpg,2,17,,4.6K,,,
https://twitter.com/dtptraffic,Delhi Traffic Police,@dtptraffic,https://twitter.com/dtptraffic/status/1714497203014946944,Oct 18,"Traffic Alert 
Traffic is affected in the carriageway from Jasola towards Noida due to breakdown of a bus near Kalindi Kunj Red Light. Kindly avoid the stretch.",https://pbs.twimg.com/media/F8seGOObQAA2Ywr?format=jpg&name=small,11,11,43,14K,,,
https://twitter.com/dtptraffic,Delhi Traffic Police,@dtptraffic,https://twitter.com/dtptraffic/status/1714481188436672978,Oct 18,"Traffic Alert
Traffic is affected on Maharaja Agrasen Marg Rohini in the carriageway from Vishram Chowk towards Deepali Chowk due to breakdown of a bus at M2K red light. Kindly avoid the stretch",https://pbs.twimg.com/media/F8sPhJIbYAAkwLE?format=jpg&name=medium,1,4,15,7.9K,,,
https://twitter.com/dtptraffic,Delhi Traffic Police,@dtptraffic,https://twitter.com/dtptraffic/status/1714477577346183542,Oct 18,"Traffic Alert
Traffic is affected on Ring Road in the carriageway from Rajouri Garden  towards Punjabi Bagh due to breakdown/accident of a MGV on Raja Garden flyover.
Commuters are advised to plan their journey accordingly.",https://pbs.twimg.com/media/F8sMNxXbYAAbw6z?format=jpg&name=small,3,8,31,12K,,,
https://twitter.com/dtptraffic,Delhi Traffic Police,@dtptraffic,https://twitter.com/dtptraffic/status/1714463924312264810,Oct 18,"Traffic Alert
Traffic is affected on Rohtak Road in the carriageway from Rampura towards Peeragarhi due to breakdown of an HGV near Punjabi Bagh Metro Station. Kindly avoid the stretch.",https://pbs.twimg.com/media/F8r_zZpaIAAva9I?format=jpg&name=small,1,6,19,6.2K,,,
https://twitter.com/dtptraffic,Delhi Traffic Police,@dtptraffic,https://twitter.com/dtptraffic/status/1714254123431030966,Oct 17,"In continuation of our efforts to inculcate road sense in children, the",https://pbs.twimg.com/ext_tw_video_thumb/1714253656927977472/pu/img/D6azrqgGnrmkU9mr.jpg,1,3,17,4.2K,#RoadSafety,#DelhiTrafficPolice,#Awareness
https://twitter.com/dtptraffic,Delhi Traffic Police,@dtptraffic,https://twitter.com/dtptraffic/status/1714235614365884525,Oct 17,"Traffic Alert 
Traffic is heavy on Firni road from Delhi Gate towards Chhawla bus stand due to breakdown of a bus near Chhawla bus stand, Najafgarh. Kindly avoid the stretch.",https://pbs.twimg.com/media/F8owGTbbIAAhHR9?format=jpg&name=small,1,1,12,4.5K,,,
https://twitter.com/dtptraffic,Delhi Traffic Police,@dtptraffic,https://twitter.com/dtptraffic/status/1714112847243096264,Oct 17,"Traffic Alert
Traffic is affected in the carriageway from Najafgarh towards Dwarka mod due to breakdown of a bus near Sai Baba Mandir. Kindly avoid the stretch.",https://pbs.twimg.com/media/F8nAaTRbUAAsx1Y?format=jpg&name=900x900,2,4,20,8.8K,,,
https://twitter.com/dtptraffic,Delhi Traffic Police,@dtptraffic,https://twitter.com/dtptraffic/status/1714101756270137464,Oct 17,"Traffic Alert
Traffic is affected on Rohtak Road in the carriageway from Nangloi towards Mundka due to breakdown of a LGV near pillar No 507. 

Commuters are advised to plan their journey accordingly.",https://pbs.twimg.com/media/F8m2WmWacAAmKwv?format=jpg&name=small,1,13,,3.3K,,,
https://twitter.com/dtptraffic,Delhi Traffic Police,@dtptraffic,https://twitter.com/dtptraffic/status/1714097942909558809,Oct 17,"Traffic Alert 
Movement of traffic is restricted on Oberoi Flyover in the carriageway from India Gate towards Nizamuddin due to uprooting of an electric pole. Commuters are advised to plan their journey accordingly.",https://pbs.twimg.com/media/F8my5LXakAAPhoB?format=jpg&name=medium,2,9,41,7.4K,,,
https://twitter.com/DelhiPolice,Delhi Police,@DelhiPolice,https://twitter.com/DelhiPolice/status/1713898428470837542,Oct 16,conveys warm greetings and best wishes to,https://pbs.twimg.com/profile_images/1563436493997150208/DJOFnOLg_normal.jpg,5,28,123,15K,#DelhiPolice,#NSGRaisingDay,
https://twitter.com/dtptraffic,Delhi Traffic Police,@dtptraffic,https://twitter.com/dtptraffic/status/1713864512011653386,Oct 16,"In furtherance of our efforts to make Delhi roads safer, the",https://pbs.twimg.com/ext_tw_video_thumb/1713864313528844288/pu/img/5ABaxPHSgFfhzYBo.jpg,4,2,10,3K,#RoadSafety,#DelhiTrafficPolice,#FollowTrafficRules
https://twitter.com/dtptraffic,Delhi Traffic Police,@dtptraffic,https://twitter.com/dtptraffic/status/1713860634092478941,Oct 16,"In continuation of our efforts to inculcate road sense in children, the",https://pbs.twimg.com/ext_tw_video_thumb/1713859667221532672/pu/img/MUYBqBQYXTiprNbd.jpg,3,10,,2.5K,#RoadSafety,#DelhiTrafficPolice,#Awareness
https://twitter.com/dtptraffic,Delhi Traffic Police,@dtptraffic,https://twitter.com/dtptraffic/status/1713774350376341858,Oct 16,"Traffic Alert
Traffic will remain affected on New Rohtak Road in both the carriageways at Mundka Industrial Area Metro Station due to the ongoing construction work under UER-II project. Kindly plan your journey accordingly.",https://pbs.twimg.com/media/F8iKXktb0AA2we1?format=jpg&name=small,2,2,19,4.4K,,,
https://twitter.com/dtptraffic,Delhi Traffic Police,@dtptraffic,https://twitter.com/dtptraffic/status/1713773805175439847,Oct 16,"Traffic Alert 
Traffic is affected in the carriageway from Jagatpuri towards Bihari Colony due to breakdown of a bus near East Azad Nagar Metro Station. Kindly avoid the stretch.",https://pbs.twimg.com/media/F8iMJombIAAcwfi?format=jpg&name=small,4,3,14,4.4K,,,
https://twitter.com/dtptraffic,Delhi Traffic Police,@dtptraffic,https://twitter.com/dtptraffic/status/1713769960231915663,Oct 16,"Traffic Alert 
Traffic is affected on Mathura road in the carriageway from Badarpur towards Ashram due to breakdown of a bus near Okhla Tank. Kindly avoid the stretch.",https://pbs.twimg.com/media/F8iIqknaIAA6EyI?format=jpg&name=small,5,4,15,5.8K,,,
https://twitter.com/DelhiPolice,Delhi Police,@DelhiPolice,https://twitter.com/DelhiPolice/status/1713574373003866585,Oct 15,आज लगभग 200 अनाथ बच्चों के लिए,,32,120,425,35K,#DelhiPolice,#WorldCup2023,#DelhiPoliceCares
https://twitter.com/dtptraffic,Delhi Traffic Police,@dtptraffic,https://twitter.com/dtptraffic/status/1713234225695170940,Oct 14,In continuation our efforts to spread,,3,2,18,5.8K,#RoadSafety,#DelhiTrafficPolice,#Awareness
https://twitter.com/dtptraffic,Delhi Traffic Police,@dtptraffic,https://twitter.com/dtptraffic/status/1713234225695170940,Oct 14,In continuation our efforts to spread,https://pbs.twimg.com/ext_tw_video_thumb/1713233757065670656/pu/img/9VW6JH0R25lJefWI.jpg,3,2,18,5.8K,#RoadSafety,#DelhiTrafficPolice,#Awareness
https://twitter.com/dtptraffic,Delhi Traffic Police,@dtptraffic,https://twitter.com/dtptraffic/status/1713233341728870682,Oct 14,Taking forward our efforts to make DTC Bus drivers aware of,https://pbs.twimg.com/ext_tw_video_thumb/1713232985284296704/pu/img/PoleJJYTG24-A3nn.jpg,4,3,16,7.7K,#RoadSafety,#DelhiTrafficPolice,#Awareness
https://twitter.com/dtptraffic,Delhi Traffic Police,@dtptraffic,https://twitter.com/dtptraffic/status/1713148347689865394,Oct 14,"Traffic Alert 
Traffic is affected on New Rohtak Road in the carriageway from Peeragarhi towards Nangloi due to breakdown of an LGV. Kindly plan your journey accordingly .",https://pbs.twimg.com/media/F8ZTNOAaIAALWJU?format=jpg&name=small,1,8,,2.3K,,,
https://twitter.com/dtptraffic,Delhi Traffic Police,@dtptraffic,https://twitter.com/dtptraffic/status/1713104754749145368,Oct 14,"Traffic Alert 
Traffic is affected on Outer Ring Road in the carriageway from Nehru Place towards Chirag Delhi due to broken branch of a tree near Pumpose Enclave, Savitri Flyover. Kindly avoid the stretch.",https://pbs.twimg.com/media/F8YrlK6aAAAjhpu?format=jpg&name=small,4,23,,9.1K,,,
https://twitter.com/dtptraffic,Delhi Traffic Police,@dtptraffic,https://twitter.com/dtptraffic/status/1713082238332756135,Oct 14,"Traffic Alert 
Traffic is affected on Outer Ring Road in the carriageway from Kalkaji towards Chirag Delhi due to breakdown of an HGV at Savitri Flyover. Commuters are advised to plan their journey accordingly.",https://pbs.twimg.com/media/F8YXLzYasAA01y0?format=jpg&name=small,1,4,16,8.6K,,,
https://twitter.com/DelhiPolice,Delhi Police,@DelhiPolice,https://twitter.com/DelhiPolice/status/1713070149388140968,Oct 14,"~ इन टिप्स को लागू करें और खुद को ऑनलाइन सुरक्षित रखें।

साइबर क्राइम को रिपोर्ट करने के लिए 1930 डायल करें।",https://pbs.twimg.com/media/F8YMOO-XAAEn6Or?format=jpg&name=small,9,33,109,11K,#सुरक्षितशनिवार,#cyberonline,#cybersafety
https://twitter.com/dtptraffic,Delhi Traffic Police,@dtptraffic,https://twitter.com/dtptraffic/status/1713072360843272662,Oct 14,"Traffic Alert 
Traffic is affected in the carriageway from IIT Flyover towards AIIMS Hospital due to breakdown of a bus near Yusuf Sarai Market. Kindly plan your journey accordingly.",https://pbs.twimg.com/media/F8YONXabsAAOkVu?format=jpg&name=small,7,,,2.3K,,,
https://twitter.com/dtptraffic,Delhi Traffic Police,@dtptraffic,https://twitter.com/dtptraffic/status/1713071877202292919,Oct 14,"Traffic Alert 
Traffic is affected in the carriageway from Punjabi Bagh towards Zakhira due to breakdown of a bus near Ashok Park Main Metro Station. Commuters are advised to plan their journey accordingly.",https://pbs.twimg.com/media/F8YNxDraIAAyOij?format=jpg&name=small,1,7,,2.4K,,,
https://twitter.com/dtptraffic,Delhi Traffic Police,@dtptraffic,https://twitter.com/dtptraffic/status/1713070326320672948,Oct 14,"यातायात निर्देशिका

15 अक्टूबर, 2023 (रविवार) को जवाहरलाल नेहरू स्टेडियम से प्रारंभ होने वाली वेदांता दिल्ली हाफ मैराथन के दृष्टिगत यातायात विनियम प्रभावी रहेंगे।

कृपया निर्देशिका का पालन करें।",https://pbs.twimg.com/media/F8YMTXoa0AA-vja?format=jpg&name=small,3,3,12,6K,#DPTrafficAdvisory,#DelhiTrafficPolice,
https://twitter.com/dtptraffic,Delhi Traffic Police,@dtptraffic,https://twitter.com/dtptraffic/status/1713069680783663570,Oct 14,"Traffic Advisory

In view of Vedanta Delhi Half Marathon to be flagged off from Jawaharlal Nehru Stadium on October 15, 2023 (Sunday), traffic regulations will be effective.

Kindly follow the advisory.",https://pbs.twimg.com/media/F8YLtsIbsAAoLD2?format=jpg&name=small,1,4,6,4.5K,#DPTrafficAdvisory,#DelhiTrafficPolice,
https://twitter.com/DelhiPolice,Delhi Police,@DelhiPolice,https://twitter.com/DelhiPolice/status/1713049649039430072,Oct 14,"When EVERYTHING IS PLANNED, except a STRONG PASSWORD!",https://pbs.twimg.com/media/F8X5k9SWwAA8v6e?format=jpg&name=small,4,23,85,9.1K,#CyberSafety,,
https://twitter.com/dtptraffic,Delhi Traffic Police,@dtptraffic,https://twitter.com/dtptraffic/status/1712874280873349210,Oct 13,"In furtherance of our efforts to make Delhi roads safer, the",https://pbs.twimg.com/ext_tw_video_thumb/1712874119174541313/pu/img/cvvwC8G_6QmtpPqH.jpg,2,3,8,3.4K,#RoadSafety,#DelhiTrafficPolice,#FollowTrafficRules
https://twitter.com/dtptraffic,Delhi Traffic Police,@dtptraffic,https://twitter.com/dtptraffic/status/1712873592390828335,Oct 13,"In continuation of our efforts to inculcate road sense in children, the",https://pbs.twimg.com/ext_tw_video_thumb/1712873508550987777/pu/img/5fkuYXACXJDB9XCr.jpg,2,6,,2.9K,#RoadSafety,#DelhiTrafficPolice,#Awareness
https://twitter.com/dtptraffic,Delhi Traffic Police,@dtptraffic,https://twitter.com/dtptraffic/status/1712685572425420803,Oct 13,"Traffic Alert 
Traffic is heavy on Mathura road in the carriageway from Badarpur towards Ashram due to breakdown of a bus near Apollo Red Light. Kindly avoid the stretch.",https://pbs.twimg.com/media/F8SuXT8bgAAbea-?format=jpg&name=medium,3,12,,6.4K,,,
https://twitter.com/dtptraffic,Delhi Traffic Police,@dtptraffic,https://twitter.com/dtptraffic/status/1712656551977357344,Oct 13,"Traffic Alert 
Traffic may be affected on Ring road in the carriageway from Bharat Darshan Park towards round about Punjabi Bagh due to breakdown of a truck. Kindly plan your journey accordingly.",https://pbs.twimg.com/media/F8ST-R1akAA_aRs?format=jpg&name=small,2,10,,3K,,,
https://twitter.com/dtptraffic,Delhi Traffic Police,@dtptraffic,https://twitter.com/dtptraffic/status/1712656002942996881,Oct 13,"Traffic Alert 
Traffic may be affected in the carriageway from Dhaula Kuan towards Gurugram due to breakdown of a truck near Subroto Park. Commuters are advised to plan their journey accordingly.",https://pbs.twimg.com/media/F8STeCbbUAAbO7i?format=jpg&name=small,3,3,10,4.7K,,,
https://twitter.com/dtptraffic,Delhi Traffic Police,@dtptraffic,https://twitter.com/dtptraffic/status/1712470912925372757,Oct 12,Taking forward our efforts to make TSR drivers aware of,https://pbs.twimg.com/ext_tw_video_thumb/1712470634746560512/pu/img/V57a4x-i0i7A-bog.jpg,3,2,10,3.3K,#RoadSafety,#DelhiTrafficPolice,#Awareness
https://twitter.com/DelhiPolice,Delhi Police,@DelhiPolice,https://twitter.com/DelhiPolice/status/1712469433158136259,Oct 12,दिल्ली पुलिस की,https://pbs.twimg.com/ext_tw_video_thumb/1712469294217654273/pu/img/zHfjGEB8tK4GICg6.jpg,16,41,130,14K,#DPUpdates,,
https://twitter.com/dtptraffic,Delhi Traffic Police,@dtptraffic,https://twitter.com/dtptraffic/status/1712469414019580160,Oct 12,"Traffic Alert 
Traffic is heavy on Maa Anandmai Marg in the carriageway from Kalkaji Mandir towards Badarpur due to breakdown of a bus near Govindpuri Metro Station. Kindly avoid the stretch.",https://pbs.twimg.com/media/F8Pp1VHbYAAxOtX?format=jpg&name=small,14,,,2.8K,,,
https://twitter.com/dtptraffic,Delhi Traffic Police,@dtptraffic,https://twitter.com/dtptraffic/status/1712467883228635348,Oct 12,In continuation of creating,https://pbs.twimg.com/ext_tw_video_thumb/1712467532379291648/pu/img/5EtgtzvpLJWXji93.jpg,3,4,,2K,#RoadSafety,#DelhiTrafficPolice,#Awareness
https://twitter.com/DelhiPolice,Delhi Police,@DelhiPolice,https://twitter.com/DelhiPolice/status/1712117671574302827,Oct 11,"यातायात निर्देशिका

12 से 14 अक्टूबर, 2023 तक यशोभूमि (आई.आई.सी.ई.सी.), सेक्टर-25, द्वारका में आयोजित होने वाले पी-20 शिखर सम्मेलन के दृष्टिगत यातायात विनियम प्रभावी रहेंगे।

कृपया निर्देशिका का पालन करें।",https://pbs.twimg.com/media/F8Kp8UsXYAEWq3U?format=jpg&name=360x360,7,23,69,10K,#P20Summit,#DPTrafficAdvisory,
https://twitter.com/dtptraffic,Delhi Traffic Police,@dtptraffic,https://twitter.com/dtptraffic/status/1712117855750426743,Oct 11,"यातायात निर्देशिका

12 से 14 अक्टूबर, 2023 तक यशोभूमि (आई.आई.सी.ई.सी.), सेक्टर-25, द्वारका में आयोजित होने वाले पी-20 शिखर सम्मेलन के दृष्टिगत यातायात विनियम प्रभावी रहेंगे।

कृपया निर्देशिका का पालन करें।",https://pbs.twimg.com/media/F8Kp-PzaMAACf8T?format=jpg&name=360x360,5,5,36,24K,#P20Summit,#DPTrafficAdvisory,
https://twitter.com/dtptraffic,Delhi Traffic Police,@dtptraffic,https://twitter.com/dtptraffic/status/1712116743836156237,Oct 11,"Traffic Advisory

In view of the",https://pbs.twimg.com/media/F8Ko9b2bEAAjSOG?format=jpg&name=360x360,9,12,44,18K,#P20Summit,#DPTrafficAdvisory,
https://twitter.com/DelhiPolice,Delhi Police,@DelhiPolice,https://twitter.com/DelhiPolice/status/1712112582805643618,Oct 11,"Traffic Advisory

In view of the",https://pbs.twimg.com/media/F8KlUHbWEAA4RKy?format=jpg&name=360x360,7,30,89,14K,#P20Summit,#DPTrafficAdvisory,
https://twitter.com/dtptraffic,Delhi Traffic Police,@dtptraffic,https://twitter.com/dtptraffic/status/1712091906401030650,Oct 11,"In furtherance of our efforts to make Delhi roads safer, the",https://pbs.twimg.com/ext_tw_video_thumb/1712091663676678144/pu/img/4aWfq30W4oS0JzJw.jpg,3,6,12,3.1K,#RoadSafety,#DelhiTrafficPolice,#FollowTrafficRules
https://twitter.com/dtptraffic,Delhi Traffic Police,@dtptraffic,https://twitter.com/dtptraffic/status/1712087593188512040,Oct 11,In continuation of creating,https://pbs.twimg.com/ext_tw_video_thumb/1712087325428293632/pu/img/T3UMdRPr2FV0PkNS.jpg,2,3,12,3.4K,#RoadSafety,#DelhiTrafficPolice,#FollowTrafficRules
https://twitter.com/dtptraffic,Delhi Traffic Police,@dtptraffic,https://twitter.com/dtptraffic/status/1712074592846766235,Oct 11,Know the 5 MORAL DUTIES you should fulfill while driving!,https://pbs.twimg.com/ext_tw_video_thumb/1712074400500215808/pu/img/SEGSIiI6P3RUpmNE.jpg,4,2,7,2.3K,#DriveSafe,#FollowTrafficRules,#RoadSafety
https://twitter.com/dtptraffic,Delhi Traffic Police,@dtptraffic,https://twitter.com/dtptraffic/status/1712021526600663098,Oct 11,"Traffic Alert 
Traffic may be affected in the carriageway from GGR-PDR towards Dhaula Kuan due to breakdown of an HTV near Manekshaw Centre. Kindly plan your journey accordingly.",https://pbs.twimg.com/media/F8JSeY-aAAASlxY?format=jpg&name=small,1,1,6,2.5K,,,
https://twitter.com/dtptraffic,Delhi Traffic Police,@dtptraffic,https://twitter.com/dtptraffic/status/1712013909853605958,Oct 11,"Traffic Alert 
Traffic is affected in the carriageway from Moti Nagar towards Zakhira due to breakdown of a bus near P.S. Moti Nagar. Kindly avoid the stretch.",https://pbs.twimg.com/media/F8JLfT2aUAAxmam?format=jpg&name=small,1,16,,3.1K,,,
https://twitter.com/dtptraffic,Delhi Traffic Police,@dtptraffic,https://twitter.com/dtptraffic/status/1711947117814857732,Oct 11,"Traffic Alert 
Traffic is affected on Rohtak road in the carriageway from round about Punjabi Bagh towards Zakhira due to uprooting of a tree. Kindly avoid the stretch.",https://pbs.twimg.com/media/F8IOvy1bQAA_Wzg?format=jpg&name=small,3,1,20,5.6K,,,
https://twitter.com/dtptraffic,Delhi Traffic Police,@dtptraffic,https://twitter.com/dtptraffic/status/1711739554150125818,Oct 10,"Traffic Alert 
Traffic is affected on Lala Hardev Sahai Marg in the carriageway from ISBT, Kashmere Gate towards Tis Hazari due to demonstration. Kindly avoid Ring Road and stretch from Yudhishter Setu towards Tis Hazari.",,13,7,15,11K,,,
https://twitter.com/dtptraffic,Delhi Traffic Police,@dtptraffic,https://twitter.com/dtptraffic/status/1711735657524343152,Oct 10,"यातायात निर्देशिका

11 अक्टूबर, 2023 को अरुण जेटली स्टेडियम में भारत और अफगानिस्तान के मध्य खेले जाने वाले ICC पुरुष",https://pbs.twimg.com/media/F8FOU9ZaYAAhHpq?format=jpg&name=360x360,7,21,75,30K,#CricketWorldCup2023,#DPTrafficAdvisory,#CWC2023
https://twitter.com/dtptraffic,Delhi Traffic Police,@dtptraffic,https://twitter.com/dtptraffic/status/1711734783351636129,Oct 10,"Traffic Advisory

In view of the ICC Men's",https://pbs.twimg.com/media/F8FNmctbUAADk8z?format=jpg&name=360x360,6,17,42,17K,#CricketWorldCup2023,#DPTrafficAdvisory,#CWC2023
https://twitter.com/dtptraffic,Delhi Traffic Police,@dtptraffic,https://twitter.com/dtptraffic/status/1711734145549054430,Oct 10,Observing,https://pbs.twimg.com/ext_tw_video_thumb/1711734010156879872/pu/img/sdn85B4IXUSq66mQ.jpg,3,3,7,3.2K,#NoHonking,#RoadSafety,
https://twitter.com/dtptraffic,Delhi Traffic Police,@dtptraffic,https://twitter.com/dtptraffic/status/1711372621567393980,Oct 9,"Traffic Alert 
Traffic is affected at round about Punjabi Bagh and all the connected stretches due to breakdown of two buses. Commuters are advised to plan their journey accordingly.",https://pbs.twimg.com/media/F8AEM5VbwAEZAXk?format=jpg&name=small,6,5,32,9.6K,,,
https://twitter.com/dtptraffic,Delhi Traffic Police,@dtptraffic,https://twitter.com/dtptraffic/status/1711357467098235311,Oct 9,"In continuation of our efforts to make Delhi roads safer, the",https://pbs.twimg.com/ext_tw_video_thumb/1711357228509433856/pu/img/0JDQJ1hFwGoGiJJ7.jpg,3,2,12,3.2K,#RoadSafety,,
https://twitter.com/dtptraffic,Delhi Traffic Police,@dtptraffic,https://twitter.com/dtptraffic/status/1711357061563547829,Oct 9,"In furtherance of our efforts to inculcate road sense in children, students of MCPS Co-ed School, Nimri Colony and Gyan Jyoti Vidya Niketan, Neb Sarai were taught about traffic signals & traffic rules by the",https://pbs.twimg.com/ext_tw_video_thumb/1711356859783987200/pu/img/Xw4mzIV7x8exqbEp.jpg,2,1,7,2.9K,#RoadSafety,,
https://twitter.com/dtptraffic,Delhi Traffic Police,@dtptraffic,https://twitter.com/dtptraffic/status/1711311307868410103,Oct 9,"Traffic Alert 
Traffic is affected in the carriageway from Panchsheel towards Chirag Delhi due to breakdown of a bus. Kindly plan your journey accordingly.",https://pbs.twimg.com/media/F7_McBWaQAA2wSo?format=jpg&name=small,2,3,24,5.5K,,,
https://twitter.com/dtptraffic,Delhi Traffic Police,@dtptraffic,https://twitter.com/dtptraffic/status/1711241806850175260,Oct 9,Bus has been removed.,https://pbs.twimg.com/profile_images/1691678203486879745/YUTdhCiB_normal.jpg,3,4,16,6.1K,,,
https://twitter.com/dtptraffic,Delhi Traffic Police,@dtptraffic,https://twitter.com/dtptraffic/status/1711222365362049101,Oct 9,"Traffic Alert 
Traffic is affected in the carriageway from Rohini Heliport towards Madhuban Chowk due to breakdown of a bus near Rithala Metro Station. Commuters are advised to plan their journey accordingly.",https://pbs.twimg.com/media/F797kqka0AApBz0?format=jpg&name=900x900,3,4,22,12K,,,
https://twitter.com/DelhiPolice,Delhi Police,@DelhiPolice,https://twitter.com/DelhiPolice/status/1710985103714001087,Oct 8,"Read it, keep it in mind and make it a part of your daily routine, it will protect you from cyber hackers and threat.",https://pbs.twimg.com/media/F76j4f_W0AEWXwy?format=jpg&name=small,27,62,170,24K,#CyberSafety,,
https://twitter.com/DelhiPolice,Delhi Police,@DelhiPolice,https://twitter.com/DelhiPolice/status/1710689491147706498,Oct 7,दिल्ली पुलिस के,,28,57,214,21K,#DPUpdates,,
