UserId_Url,UserId,Tweet_Url,Date-Time,Tweets,Comments,Retweets,Likes,Impressions
https://twitter.com/exceleducations,@exceleducations,https://twitter.com/exceleducations/status/1723644394304082261,21h,Calculating Loan EMI,6,767,3.3K,551K
https://twitter.com/exceleducations,@exceleducations,https://twitter.com/exceleducations/status/1723940742119456976,1h,List with duplicate names,1,14,66,6.5K
https://twitter.com/exceleducations,@exceleducations,https://twitter.com/exceleducations/status/1723921491329454245,3h,Solve this riddle,64,9,23,23K
https://twitter.com/exceleducations,@exceleducations,https://twitter.com/exceleducations/status/1723921491329454245,3h,Solve this riddle,64,9,23,23K
https://twitter.com/exceleducations,@exceleducations,https://twitter.com/exceleducations/status/1723685830114541804,18h,Could you please subscribe me ?,3,2,11,14K
,,,,,,,,
https://twitter.com/DipoPunting,Follow,,,Daily Tips & Football Lifestyle!!,,,,
https://twitter.com/exceleducations,@exceleducations,https://twitter.com/exceleducations/status/1723644394304082261,21h,Calculating Loan EMI,6,767,3.3K,551K
https://twitter.com/exceleducations,@exceleducations,https://twitter.com/exceleducations/status/1723940742119456976,1h,List with duplicate names,1,14,66,6.5K
https://twitter.com/Locati0ns,Follow,,,Educational and informative world Maps,,,,
https://twitter.com/ExcelBasement,Follow,,,"We provide services in the form of Training, Consultancy,  Solutions, Coaching on Microsoft Office Products & Business Intelligence Tools.",,,,
,,,,,,,,
https://twitter.com/exceleducations,@exceleducations,https://twitter.com/exceleducations/status/1723887376873722075,5h,IQ Test,71,7,20,23K
https://twitter.com/exceleducations,@exceleducations,https://twitter.com/exceleducations/status/1723879937872892341,5h,What will be the missing number ?,8,1,2,7.2K
https://twitter.com/exceleducations,@exceleducations,https://twitter.com/exceleducations/status/1723940742119456976,1h,List with duplicate names,1,14,66,6.5K
https://twitter.com/exceleducations,@exceleducations,https://twitter.com/exceleducations/status/1723777371109470606,12h,One word,47,2,9,19K
https://twitter.com/exceleducations,@exceleducations,https://twitter.com/exceleducations/status/1723775508016488900,12h,Can you solve this riddle ?,24,4,7,14K
https://twitter.com/exceleducations,@exceleducations,https://twitter.com/exceleducations/status/1723746260979708398,14h,Solve this viral riddle,45,20,,19K
https://twitter.com/exceleducations,@exceleducations,https://twitter.com/exceleducations/status/1723734235956252885,15h,Answer please,121,12,35,46K
https://twitter.com/exceleducations,@exceleducations,https://twitter.com/exceleducations/status/1723724714567225737,16h,Can you solve it ?,63,5,22,29K
https://twitter.com/exceleducations,@exceleducations,https://twitter.com/exceleducations/status/1723713804280992181,16h,Solve the riddle,93,9,31,30K
https://twitter.com/exceleducations,@exceleducations,https://twitter.com/exceleducations/status/1723702212462072175,17h,Which number is missing from empty segment ?,48,4,9,22K
https://twitter.com/exceleducations,·,https://twitter.com/exceleducations/status/1723685830114541804,18h,3,11,14K,,
https://twitter.com/exceleducations,@exceleducations,https://twitter.com/exceleducations/status/1723690764688081190,18h,I will give my best if i get around 100 subscriber.,2,,,5.3K
https://twitter.com/exceleducations,@exceleducations,https://twitter.com/exceleducations/status/1723688639341920306,18h,How many triangles ?,19,3,6,14K
https://twitter.com/exceleducations,@exceleducations,https://twitter.com/exceleducations/status/1723681210671804838,19h,100% for Genius only,2,1,1,7.7K
https://twitter.com/exceleducations,@exceleducations,https://twitter.com/exceleducations/status/1723668769904705701,19h,Can you find the missing number ?,11,4,23,27K
https://twitter.com/exceleducations,@exceleducations,https://twitter.com/exceleducations/status/1723656270325088666,20h,99% will fail to solve this.,58,7,21,50K
https://twitter.com/exceleducations,@exceleducations,https://twitter.com/exceleducations/status/1723598332872859816,Nov 12,Solve this and share it,25,6,36,38K
https://twitter.com/exceleducations,@exceleducations,https://twitter.com/exceleducations/status/1723536751258374625,Nov 12,Can you solve this ?,18,4,18,31K
https://twitter.com/exceleducations,@exceleducations,https://twitter.com/exceleducations/status/1723536751258374625,Nov 12,Can you solve this ?,18,4,18,31K
https://twitter.com/exceleducations,@exceleducations,https://twitter.com/exceleducations/status/1723405154601369738,Nov 11,Share the correct answer,8,2,15,31K
https://twitter.com/exceleducations,@exceleducations,https://twitter.com/exceleducations/status/1723392313668272514,Nov 11,Find the missing number,186,12,78,134K
https://twitter.com/exceleducations,@exceleducations,https://twitter.com/exceleducations/status/1723392313668272514,Nov 11,Find the missing number,186,12,78,134K
https://twitter.com/exceleducations,@exceleducations,https://twitter.com/exceleducations/status/1723369035943866444,Nov 11,What will be the missing number ?,39,7,20,47K
https://twitter.com/exceleducations,@exceleducations,https://twitter.com/exceleducations/status/1723369035943866444,Nov 11,What will be the missing number ?,39,7,20,47K
https://twitter.com/exceleducations,@exceleducations,https://twitter.com/exceleducations/status/1723365172159353292,Nov 11,Understanding excel choose () function,3,279,1.4K,239K
https://twitter.com/exceleducations,@exceleducations,https://twitter.com/exceleducations/status/1723349431263649953,Nov 11,What should come next number ?,36,7,39,56K
https://twitter.com/exceleducations,@exceleducations,https://twitter.com/exceleducations/status/1723300317469511958,Nov 11,What will be the missing number ?,35,8,29,56K
https://twitter.com/exceleducations,@exceleducations,https://twitter.com/exceleducations/status/1723365172159353292,Nov 11,Understanding excel choose () function,3,279,1.4K,239K
https://twitter.com/exceleducations,@exceleducations,https://twitter.com/exceleducations/status/1723249729272680633,Nov 11,Find missing number and share it,22,5,16,27K
https://twitter.com/exceleducations,@exceleducations,https://twitter.com/exceleducations/status/1723191513885134872,Nov 11,Find the missing number and share its,40,16,,22K
https://twitter.com/exceleducations,@exceleducations,https://twitter.com/exceleducations/status/1723183116984938829,Nov 11,Excel Variance Chart,5,138,715,83K
https://twitter.com/exceleducations,@exceleducations,https://twitter.com/exceleducations/status/1723175668391747930,Nov 11,Find the missing number ?,17,7,,14K
https://twitter.com/exceleducations,@exceleducations,https://twitter.com/exceleducations/status/1723171280059281813,Nov 11,Can you find the missing letter ?,9,1,7,10K
https://twitter.com/exceleducations,@exceleducations,https://twitter.com/exceleducations/status/1723042494735159445,Nov 10,97% will fail this test…,102,6,14,35K
https://twitter.com/exceleducations,@exceleducations,https://twitter.com/exceleducations/status/1723040986421502430,Nov 10,Find X among K’s in 5 seconds,1,3,13,9.9K
https://twitter.com/exceleducations,@exceleducations,https://twitter.com/exceleducations/status/1723027896455909634,Nov 10,What’s the answer?,27,14,,15K
https://twitter.com/exceleducations,@exceleducations,https://twitter.com/exceleducations/status/1722980288429805660,Nov 10,,171,26,71,123K
https://twitter.com/exceleducations,@exceleducations,https://twitter.com/exceleducations/status/1722952757433262538,Nov 10,Find the correct answer,141,15,61,93K
https://twitter.com/exceleducations,@exceleducations,https://twitter.com/exceleducations/status/1722952757433262538,Nov 10,Find the correct answer,141,15,61,93K
https://twitter.com/exceleducations,@exceleducations,https://twitter.com/exceleducations/status/1722945471142863118,Nov 10,Genius can solve this,79,6,24,42K
https://twitter.com/exceleducations,@exceleducations,https://twitter.com/exceleducations/status/1722892112792854922,Nov 10,Solve and share it,42,9,18,27K
https://twitter.com/exceleducations,@exceleducations,https://twitter.com/exceleducations/status/1722867383554228276,Nov 10,Solve and share,12,1,3,9.7K
https://twitter.com/exceleducations,@exceleducations,https://twitter.com/exceleducations/status/1722845385105068080,Nov 10,Fill the blank,18,3,22,29K
https://twitter.com/exceleducations,@exceleducations,https://twitter.com/exceleducations/status/1722820393336189371,Nov 10,Crack the logic,5,2,6,9.1K
https://twitter.com/exceleducations,@exceleducations,https://twitter.com/exceleducations/status/1722809763384410433,Nov 10,What  should be the missing number ?,73,7,23,35K
https://twitter.com/exceleducations,@exceleducations,https://twitter.com/exceleducations/status/1722789576710996231,Nov 10,What's the answer,67,6,18,32K
https://twitter.com/exceleducations,@exceleducations,https://twitter.com/exceleducations/status/1722678274659426350,Nov 9,,7,1,10,6.8K
https://twitter.com/exceleducations,@exceleducations,https://twitter.com/exceleducations/status/1722631862512955838,Nov 9,Can you solve this ??,5,1,14,11K
https://twitter.com/exceleducations,@exceleducations,https://twitter.com/exceleducations/status/1722655367698714951,Nov 9,Find the answer,92,10,55,76K
https://twitter.com/exceleducations,@exceleducations,https://twitter.com/exceleducations/status/1722631862512955838,Nov 9,Can you solve this ??,5,1,14,11K
https://twitter.com/exceleducations,@exceleducations,https://twitter.com/exceleducations/status/1722476120837411272,Nov 9,Find x,47,5,32,52K
https://twitter.com/exceleducations,@exceleducations,https://twitter.com/exceleducations/status/1722452097457861034,Nov 9,Find the value of D,151,29,98,152K
https://twitter.com/exceleducations,@exceleducations,https://twitter.com/exceleducations/status/1722442422418874675,Nov 9,What’s the answer ?,35,2,14,16K
https://twitter.com/exceleducations,@exceleducations,https://twitter.com/exceleducations/status/1722416861672026273,Nov 9,Can you solve this ??,7,6,,5.7K
https://twitter.com/exceleducations,@exceleducations,https://twitter.com/exceleducations/status/1722405125526827088,Nov 9,Solve this puzzle,3,4,,6.6K
https://twitter.com/exceleducations,@exceleducations,https://twitter.com/exceleducations/status/1722391652340523294,Nov 9,Solve answer,5,7,15,16K
https://twitter.com/exceleducations,@exceleducations,https://twitter.com/exceleducations/status/1722367905411813741,Nov 9,Fine a,7,5,,7.1K
https://twitter.com/exceleducations,@exceleducations,https://twitter.com/exceleducations/status/1722314587540975689,Nov 8,Who can solve it?,37,3,17,20K
https://twitter.com/exceleducations,@exceleducations,https://twitter.com/exceleducations/status/1722311988972519797,Nov 8,Find x and y,5,3,,5.9K
https://twitter.com/exceleducations,@exceleducations,https://twitter.com/exceleducations/status/1722286811396145342,Nov 8,Fine the answer,76,10,49,76K
https://twitter.com/exceleducations,@exceleducations,https://twitter.com/exceleducations/status/1722263853810250064,Nov 8,,10,10,,12K
https://twitter.com/exceleducations,@exceleducations,https://twitter.com/exceleducations/status/1722236905948106880,Nov 8,Quiz of the day,18,8,,10K
https://twitter.com/exceleducations,@exceleducations,https://twitter.com/exceleducations/status/1722212953716576302,Nov 8,Find the missing number,39,8,20,44K
https://twitter.com/exceleducations,@exceleducations,https://twitter.com/exceleducations/status/1722176478887154156,Nov 8,Find the answer???,39,4,15,34K
https://twitter.com/exceleducations,@exceleducations,https://twitter.com/exceleducations/status/1722152214351970787,Nov 8,What the answer??,17,3,17,18K
https://twitter.com/exceleducations,@exceleducations,https://twitter.com/exceleducations/status/1722126996036374687,Nov 8,,8,6,29,32K
https://twitter.com/exceleducations,@exceleducations,https://twitter.com/exceleducations/status/1722089729427214422,Nov 8,Solve for x,8,2,13,18K
https://twitter.com/exceleducations,@exceleducations,https://twitter.com/exceleducations/status/1722065172137676891,Nov 8,,8,1,7,12K
https://twitter.com/exceleducations,@exceleducations,https://twitter.com/exceleducations/status/1722041408587231715,Nov 8,Comment your answer,51,3,21,21K
https://twitter.com/exceleducations,@exceleducations,https://twitter.com/exceleducations/status/1721961039791845860,Nov 8,Share it if you solve.,37,6,23,20K
https://twitter.com/exceleducations,@exceleducations,https://twitter.com/exceleducations/status/1721949682585231515,Nov 7,Can you Solve it ?,44,6,31,25K
https://twitter.com/exceleducations,@exceleducations,https://twitter.com/exceleducations/status/1721913375595323568,Nov 7,,35,7,29,21K
https://twitter.com/exceleducations,@exceleducations,https://twitter.com/exceleducations/status/1721933113042059607,Nov 7,Can u crack this ???,9,3,6,8.9K
https://twitter.com/exceleducations,@exceleducations,https://twitter.com/exceleducations/status/1721913375595323568,Nov 7,,35,7,29,21K
https://twitter.com/exceleducations,@exceleducations,https://twitter.com/exceleducations/status/1721888968571232742,Nov 7,Can you solve,61,7,36,53K
https://twitter.com/exceleducations,@exceleducations,https://twitter.com/exceleducations/status/1721858647154934044,Nov 7,What the answer??,62,6,33,48K
https://twitter.com/exceleducations,@exceleducations,https://twitter.com/exceleducations/status/1721827253879980256,Nov 7,Fine the answer,61,9,35,74K
https://twitter.com/exceleducations,@exceleducations,https://twitter.com/exceleducations/status/1721803286087626948,Nov 7,Can you solve it ?,61,5,27,45K
https://twitter.com/exceleducations,@exceleducations,https://twitter.com/exceleducations/status/1721780369903738898,Nov 7,Can you solve ?,27,7,12,41K
https://twitter.com/exceleducations,@exceleducations,https://twitter.com/exceleducations/status/1721759917609234765,Nov 7,Can you solve this.??,9,3,15,27K
https://twitter.com/exceleducations,@exceleducations,https://twitter.com/exceleducations/status/1721732904781582703,Nov 7,Solve x,12,1,25,36K
https://twitter.com/exceleducations,@exceleducations,https://twitter.com/exceleducations/status/1721702295405298107,Nov 7,Comment your answer,33,7,27,44K
https://twitter.com/exceleducations,@exceleducations,https://twitter.com/exceleducations/status/1721632209172660417,Nov 7,,82,11,36,90K
https://twitter.com/exceleducations,@exceleducations,https://twitter.com/exceleducations/status/1721620502530384015,Nov 7,Solve for x,48,7,28,48K
https://twitter.com/exceleducations,@exceleducations,https://twitter.com/exceleducations/status/1721594565495496962,Nov 6,What’s X ?,72,18,41,54K
https://twitter.com/exceleducations,@exceleducations,https://twitter.com/exceleducations/status/1721586784877048254,Nov 6,Find. X,52,3,17,34K
https://twitter.com/exceleducations,@exceleducations,https://twitter.com/exceleducations/status/1721572229484535947,Nov 6,Solve for x,16,3,14,37K
https://twitter.com/exceleducations,@exceleducations,https://twitter.com/exceleducations/status/1721564121613914567,Nov 6,Math is a fun,85,19,39,74K
https://twitter.com/exceleducations,@exceleducations,https://twitter.com/exceleducations/status/1721539662958010555,Nov 6,Find the value of x,65,2,43,65K
https://twitter.com/exceleducations,@exceleducations,https://twitter.com/exceleducations/status/1721230087402758189,Nov 5,Take a Math Challenge!,69,4,32,41K
https://twitter.com/exceleducations,@exceleducations,https://twitter.com/exceleducations/status/1721212054454087841,Nov 5,What the answer??,3,6,,9.8K
https://twitter.com/exceleducations,@exceleducations,https://twitter.com/exceleducations/status/1721175966712487936,Nov 5,Solve this one,2,11,,13K
https://twitter.com/exceleducations,@exceleducations,https://twitter.com/exceleducations/status/1721151649845252097,Nov 5,Solve this,7,2,18,21K
https://twitter.com/exceleducations,@exceleducations,https://twitter.com/exceleducations/status/1721116335583928749,Nov 5,??,22,6,30,63K
https://twitter.com/exceleducations,@exceleducations,https://twitter.com/exceleducations/status/1721076780361240879,Nov 5,Find the number,18,5,22,56K
https://twitter.com/exceleducations,@exceleducations,https://twitter.com/exceleducations/status/1721043617727607061,Nov 5,,36,10,59,123K
https://twitter.com/exceleducations,@exceleducations,https://twitter.com/exceleducations/status/1721011263936045305,Nov 5,Can you solve ?,64,2,21,29K
https://twitter.com/exceleducations,@exceleducations,https://twitter.com/exceleducations/status/1720964787365163182,Nov 5,How many triangles do you see ?,56,5,36,65K
https://twitter.com/exceleducations,@exceleducations,https://twitter.com/exceleducations/status/1720889181839520092,Nov 5,Solve this,12,3,29,40K
https://twitter.com/exceleducations,@exceleducations,https://twitter.com/exceleducations/status/1720854495482257619,Nov 4,What the answer??,128,21,71,93K
https://twitter.com/exceleducations,@exceleducations,https://twitter.com/exceleducations/status/1720840038647579019,Nov 4,Solve for D,46,11,35,49K
https://twitter.com/exceleducations,@exceleducations,https://twitter.com/exceleducations/status/1720774951610065302,Nov 4,Find the answer,51,12,54,96K
https://twitter.com/exceleducations,@exceleducations,https://twitter.com/exceleducations/status/1720742904338211275,Nov 4,Fine the value,17,6,20,36K
https://twitter.com/exceleducations,@exceleducations,https://twitter.com/exceleducations/status/1720706442280452552,Nov 4,Can you solve this ??,37,3,158,50K
https://twitter.com/exceleducations,@exceleducations,https://twitter.com/exceleducations/status/1720674845246235085,Nov 4,Find the value of abc,118,22,89,114K
https://twitter.com/exceleducations,@exceleducations,https://twitter.com/exceleducations/status/1720644173446132094,Nov 4,Who is different?,19,4,14,25K
https://twitter.com/exceleducations,@exceleducations,https://twitter.com/exceleducations/status/1720612401844826453,Nov 4,Can you find the answer?,36,3,14,40K
https://twitter.com/exceleducations,@exceleducations,https://twitter.com/exceleducations/status/1720512669852356920,Nov 4,Find the value of D,67,10,36,42K
https://twitter.com/exceleducations,@exceleducations,https://twitter.com/exceleducations/status/1720489556271886585,Nov 3,,74,19,66,113K
https://twitter.com/exceleducations,@exceleducations,https://twitter.com/exceleducations/status/1720407220113068241,Nov 3,Share if you solve..,20,3,24,62K
https://twitter.com/exceleducations,@exceleducations,https://twitter.com/exceleducations/status/1720310564474499081,Nov 3,Solve this one,107,5,43,90K
https://twitter.com/exceleducations,@exceleducations,https://twitter.com/exceleducations/status/1720268250901098917,Nov 3,A+B = ?,40,4,22,32K
https://twitter.com/exceleducations,@exceleducations,https://twitter.com/exceleducations/status/1719979230602379538,Nov 2,Can you solve this ?,24,1,5,16K
https://twitter.com/exceleducations,@exceleducations,https://twitter.com/exceleducations/status/1719941700984910137,Nov 2,What number should come next ?,22,10,,13K
https://twitter.com/exceleducations,@exceleducations,https://twitter.com/exceleducations/status/1719932361209507955,Nov 2,What’s the missing number. ?,11,4,,8.4K
https://twitter.com/exceleducations,@exceleducations,https://twitter.com/exceleducations/status/1719905667144921599,Nov 2,Math Puzzles. What’s your answer ?,5,1,5,11K
https://twitter.com/exceleducations,@exceleducations,https://twitter.com/exceleducations/status/1719889661718307321,Nov 2,Can you solve this math puzzle ?,9,1,7,8.4K
https://twitter.com/exceleducations,@exceleducations,https://twitter.com/exceleducations/status/1719781471223738779,Nov 1,Can you solve this puzzle ?,85,14,55,96K
https://twitter.com/exceleducations,@exceleducations,https://twitter.com/exceleducations/status/1719734689869566439,Nov 1,Share if you solve it,138,16,54,135K
https://twitter.com/exceleducations,@exceleducations,https://twitter.com/exceleducations/status/1719706285489230293,Nov 1,Can you solve it ?,82,18,56,118K
https://twitter.com/exceleducations,@exceleducations,https://twitter.com/exceleducations/status/1719688700215402823,Nov 1,Share your answer if you solve it l.,56,4,20,29K
https://twitter.com/exceleducations,@exceleducations,https://twitter.com/exceleducations/status/1719611989801247073,Nov 1,Active your mind,45,3,10,19K
https://twitter.com/exceleducations,@exceleducations,https://twitter.com/exceleducations/status/1719594979822383287,Nov 1,Solve this one please,57,6,21,25K
https://twitter.com/exceleducations,@exceleducations,https://twitter.com/exceleducations/status/1719581060764463438,Nov 1,Solve if you can :),146,7,34,101K
https://twitter.com/exceleducations,@exceleducations,https://twitter.com/exceleducations/status/1719423906396660044,Nov 1,Enter your answer,86,7,47,52K
https://twitter.com/exceleducations,@exceleducations,https://twitter.com/exceleducations/status/1719387243402469606,Oct 31,How many locks are open ?,27,2,9,18K
https://twitter.com/exceleducations,@exceleducations,https://twitter.com/exceleducations/status/1719252602309984736,Oct 31,How many extra clocks are there ?,12,2,,11K
https://twitter.com/exceleducations,@exceleducations,https://twitter.com/exceleducations/status/1719231234881278266,Oct 31,Can you solve this ?,5,5,,11K
https://twitter.com/exceleducations,@exceleducations,https://twitter.com/exceleducations/status/1719202879540736069,Oct 31,Choose the option,2,2,,7.5K
https://twitter.com/exceleducations,@exceleducations,https://twitter.com/exceleducations/status/1719178762909290783,Oct 31,What’s the missing number?,108,11,46,70K
https://twitter.com/exceleducations,@exceleducations,https://twitter.com/exceleducations/status/1719044849670791365,Oct 30,What’s the missing number ?,30,1,11,17K
https://twitter.com/exceleducations,@exceleducations,https://twitter.com/exceleducations/status/1718926249525924135,Oct 30,What’s the answer ?,145,19,90,131K
https://twitter.com/exceleducations,@exceleducations,https://twitter.com/exceleducations/status/1718882664147566767,Oct 30,Solve it and share..,46,8,18,23K
https://twitter.com/exceleducations,@exceleducations,https://twitter.com/exceleducations/status/1718807598625951884,Oct 30,Solve this puzzle,25,7,15,18K
https://twitter.com/exceleducations,@exceleducations,https://twitter.com/exceleducations/status/1718687856116301957,Oct 29,What letter is A connected to ?,64,5,39,56K
https://twitter.com/exceleducations,@exceleducations,https://twitter.com/exceleducations/status/1718672851891540048,Oct 29,Can you solve this ?,39,6,23,21K
https://twitter.com/exceleducations,@exceleducations,https://twitter.com/exceleducations/status/1718595020851405198,Oct 29,,2,3,47,10K
https://twitter.com/exceleducations,@exceleducations,https://twitter.com/exceleducations/status/1718537050100801763,Oct 29,What’s your favourite ?,8,1,5,7.6K
https://twitter.com/exceleducations,@exceleducations,https://twitter.com/exceleducations/status/1718442882774999376,Oct 29,Can you find odd one ?,14,1,8,11K
https://twitter.com/exceleducations,@exceleducations,https://twitter.com/exceleducations/status/1718335831826747491,Oct 29,Solve this one,46,5,24,45K
https://twitter.com/exceleducations,@exceleducations,https://twitter.com/exceleducations/status/1718306801953988962,Oct 28,Find the  answer,30,4,24,38K
https://twitter.com/exceleducations,@exceleducations,https://twitter.com/exceleducations/status/1718229118204948782,Oct 28,Solve this puzzle,66,2,28,45K
https://twitter.com/exceleducations,@exceleducations,https://twitter.com/exceleducations/status/1718189395508154594,Oct 28,What’s the answer ?,19,3,12,15K
https://twitter.com/exceleducations,@exceleducations,https://twitter.com/exceleducations/status/1718189395508154594,Oct 28,What’s the answer ?,19,3,12,15K
https://twitter.com/exceleducations,@exceleducations,https://twitter.com/exceleducations/status/1718154378400370719,Oct 28,Share your answer,12,1,9,17K
https://twitter.com/exceleducations,@exceleducations,https://twitter.com/exceleducations/status/1718138020392788440,Oct 28,Share if you solve it,13,8,,15K
https://twitter.com/exceleducations,@exceleducations,https://twitter.com/exceleducations/status/1718122921108086974,Oct 28,Solve this,6,2,5,8.3K
https://twitter.com/exceleducations,@exceleducations,https://twitter.com/exceleducations/status/1718107821517230420,Oct 28,Comment your answer,27,6,21,46K
https://twitter.com/exceleducations,@exceleducations,https://twitter.com/exceleducations/status/1718092721980576152,Oct 28,Enter your answer,16,1,4,12K
https://twitter.com/exceleducations,@exceleducations,https://twitter.com/exceleducations/status/1718073013193588868,Oct 28,Solve this one,50,10,26,45K
https://twitter.com/exceleducations,@exceleducations,https://twitter.com/exceleducations/status/1717926402195169613,Oct 27,Solve it!,49,10,29,53K
https://twitter.com/exceleducations,@exceleducations,https://twitter.com/exceleducations/status/1717821236338941983,Oct 27,Enter your answer,76,13,36,66K
https://twitter.com/exceleducations,@exceleducations,https://twitter.com/exceleducations/status/1717873705085468785,Oct 27,Find the value of ?,72,8,31,42K
https://twitter.com/exceleducations,@exceleducations,https://twitter.com/exceleducations/status/1717821236338941983,Oct 27,Enter your answer,76,13,36,66K
https://twitter.com/exceleducations,@exceleducations,https://twitter.com/exceleducations/status/1717714739948646837,Oct 27,How do you sleep ?,18,16,61,27K
https://twitter.com/exceleducations,@exceleducations,https://twitter.com/exceleducations/status/1717729512337862992,Oct 27,Who can  solve it ?,63,7,33,52K
https://twitter.com/exceleducations,@exceleducations,https://twitter.com/exceleducations/status/1717729512337862992,Oct 27,Who can  solve it ?,63,7,33,52K
https://twitter.com/exceleducations,@exceleducations,https://twitter.com/exceleducations/status/1717714739948646837,Oct 27,How do you sleep ?,18,16,61,27K
https://twitter.com/exceleducations,@exceleducations,https://twitter.com/exceleducations/status/1717599705146806334,Oct 26,,35,7,15,32K
https://twitter.com/exceleducations,@exceleducations,https://twitter.com/exceleducations/status/1717486032202215753,Oct 26,Which number will be come ?,99,10,31,54K
https://twitter.com/exceleducations,@exceleducations,https://twitter.com/exceleducations/status/1717469440990642444,Oct 26,Comment your answer,3,12,,9K
https://twitter.com/exceleducations,@exceleducations,https://twitter.com/exceleducations/status/1717433754485227821,Oct 26,What’s the answer ?,14,2,22,16K
https://twitter.com/exceleducations,@exceleducations,https://twitter.com/exceleducations/status/1717393003248001364,Oct 26,Find the correct shadow,9,11,,9.9K
https://twitter.com/exceleducations,@exceleducations,https://twitter.com/exceleducations/status/1717350598511669620,Oct 26,What’s the missing number ?,8,2,5,9.1K
https://twitter.com/exceleducations,@exceleducations,https://twitter.com/exceleducations/status/1717066393265606899,Oct 25,Solve this puzzle!!,70,4,38,48K
https://twitter.com/exceleducations,@exceleducations,https://twitter.com/exceleducations/status/1717028874880499863,Oct 25,,52,31,113,40K
https://twitter.com/exceleducations,@exceleducations,https://twitter.com/exceleducations/status/1717024609399132184,Oct 25,Solve this puzzle,10,3,11,13K
https://twitter.com/exceleducations,@exceleducations,https://twitter.com/exceleducations/status/1717016233814495600,Oct 25,Enter your answer,6,5,7,8.6K
https://twitter.com/exceleducations,@exceleducations,https://twitter.com/exceleducations/status/1716864131637346620,Oct 24,What’s the answer ?,103,6,53,42K
https://twitter.com/exceleducations,@exceleducations,https://twitter.com/exceleducations/status/1716746675619090922,Oct 24,Solve if you are a Genius…,104,6,36,54K
https://twitter.com/exceleducations,@exceleducations,https://twitter.com/exceleducations/status/1716699793630679054,Oct 24,What is the correct answer ?,29,9,20,32K
https://twitter.com/exceleducations,@exceleducations,https://twitter.com/exceleducations/status/1716680922073092196,Oct 24,Find the missing numbers,30,2,11,17K
https://twitter.com/exceleducations,@exceleducations,https://twitter.com/exceleducations/status/1716662045976703050,Oct 24,Enter your answer,145,7,56,83K
https://twitter.com/exceleducations,@exceleducations,https://twitter.com/exceleducations/status/1716643174976725396,Oct 24,How many triangles?,68,15,23,59K
https://twitter.com/exceleducations,@exceleducations,https://twitter.com/exceleducations/status/1716621572507627946,Oct 24,Draw only one line to satisfy this equation,10,8,37,43K
https://twitter.com/exceleducations,@exceleducations,https://twitter.com/exceleducations/status/1716534014805221660,Oct 24,Can you solve it?,8,5,,10K
https://twitter.com/exceleducations,@exceleducations,https://twitter.com/exceleducations/status/1716527603882877020,Oct 24,Which are the first 2 words you see ?,14,4,,10K
https://twitter.com/exceleducations,@exceleducations,https://twitter.com/exceleducations/status/1716495636286087365,Oct 23,Math Test,80,1,26,38K
https://twitter.com/exceleducations,@exceleducations,https://twitter.com/exceleducations/status/1716463842375467235,Oct 23,Enter your answer..,17,8,,10K
https://twitter.com/exceleducations,@exceleducations,https://twitter.com/exceleducations/status/1716383477757813100,Oct 23,Can you crack the code ?,66,17,120,73K
https://twitter.com/exceleducations,@exceleducations,https://twitter.com/exceleducations/status/1716337240366874661,Oct 23,Enter your answer…,139,16,73,86K
https://twitter.com/exceleducations,@exceleducations,https://twitter.com/exceleducations/status/1716273912852406425,Oct 23,,69,8,49,57K
https://twitter.com/exceleducations,@exceleducations,https://twitter.com/exceleducations/status/1716156111974469965,Oct 22,What should be there in the place of the question mark ?,19,3,22,38K
https://twitter.com/exceleducations,@exceleducations,https://twitter.com/exceleducations/status/1716125558378263014,Oct 22,Enter your answer,92,11,58,86K
https://twitter.com/exceleducations,@exceleducations,https://twitter.com/exceleducations/status/1716102223804174827,Oct 22,,174,16,72,111K
https://twitter.com/exceleducations,@exceleducations,https://twitter.com/exceleducations/status/1716099486525931652,Oct 22,Guess the missing numbers..,14,6,26,43K
https://twitter.com/exceleducations,@exceleducations,https://twitter.com/exceleducations/status/1715994798891663808,Oct 22,Enter your answer…,107,12,60,70K
https://twitter.com/exceleducations,@exceleducations,https://twitter.com/exceleducations/status/1715811878482362627,Oct 22,Close your eyes and type “banana”,77,7,24,120K
https://twitter.com/exceleducations,@exceleducations,https://twitter.com/exceleducations/status/1715761793451315302,Oct 21,Share if you solve it!,43,2,11,23K
https://twitter.com/exceleducations,@exceleducations,https://twitter.com/exceleducations/status/1715731250420527395,Oct 21,Enter your answer..,13,3,11,11K
https://twitter.com/exceleducations,@exceleducations,https://twitter.com/exceleducations/status/1715684873737023529,Oct 21,Which one is different ?,37,7,24,46K
https://twitter.com/exceleducations,@exceleducations,https://twitter.com/exceleducations/status/1715632348501549114,Oct 21,How many 8’s do you count ?,56,7,33,49K
https://twitter.com/exceleducations,@exceleducations,https://twitter.com/exceleducations/status/1715567681020264571,Oct 21,Does the head belong to A or B ?,66,10,90,56K
https://twitter.com/exceleducations,@exceleducations,https://twitter.com/exceleducations/status/1715535250208493614,Oct 21,90% fail to answer it,71,6,26,48K
https://twitter.com/exceleducations,@exceleducations,https://twitter.com/exceleducations/status/1715431829648416936,Oct 20,What word do you see ?,19,11,,14K
https://twitter.com/exceleducations,@exceleducations,https://twitter.com/exceleducations/status/1715380624050270268,Oct 20,Eye Test…,43,1,21,23K
https://twitter.com/exceleducations,@exceleducations,https://twitter.com/exceleducations/status/1715366439774007321,Oct 20,Enter your answer…,35,2,7,15K
https://twitter.com/exceleducations,@exceleducations,https://twitter.com/exceleducations/status/1715302624365568244,Oct 20,Only Genius can solve this.,176,21,89,106K
https://twitter.com/exceleducations,@exceleducations,https://twitter.com/exceleducations/status/1715269611489476819,Oct 20,Enter your answer..,33,1,7,26K
https://twitter.com/exceleducations,@exceleducations,https://twitter.com/exceleducations/status/1715196126201315541,Oct 20,Solve it,55,3,23,39K
https://twitter.com/exceleducations,@exceleducations,https://twitter.com/exceleducations/status/1715180742844486066,Oct 20,Enter your answer…,3,8,,10K
https://twitter.com/exceleducations,@exceleducations,https://twitter.com/exceleducations/status/1715080402040435013,Oct 20,Can you solve this ?,23,2,10,19K
https://twitter.com/exceleducations,@exceleducations,https://twitter.com/exceleducations/status/1715080402040435013,Oct 20,Can you solve this ?,23,2,10,19K
https://twitter.com/exceleducations,@exceleducations,https://twitter.com/exceleducations/status/1715036099742257215,Oct 19,Enter your answer…,139,14,101,63K
https://twitter.com/exceleducations,@exceleducations,https://twitter.com/exceleducations/status/1714949844949975161,Oct 19,What’s the next number??,57,1,25,28K
https://twitter.com/exceleducations,@exceleducations,https://twitter.com/exceleducations/status/1714831425264816578,Oct 19,Can you Solve this ?,86,3,42,41K
https://twitter.com/exceleducations,@exceleducations,https://twitter.com/exceleducations/status/1714662796540129304,Oct 18,Can you solve this?,16,1,8,13K
https://twitter.com/exceleducations,@exceleducations,https://twitter.com/exceleducations/status/1714560639774183728,Oct 18,Can you solve this ?,54,3,25,40K
https://twitter.com/exceleducations,@exceleducations,https://twitter.com/exceleducations/status/1714523817257914637,Oct 18,Which kitten is Different?,27,4,20,41K
https://twitter.com/exceleducations,@exceleducations,https://twitter.com/exceleducations/status/1714341128760410447,Oct 17,Share if you solve it…,54,2,24,37K
https://twitter.com/exceleducations,@exceleducations,https://twitter.com/exceleducations/status/1714335504366190980,Oct 17,Can you solve this…,15,4,14,17K
https://twitter.com/exceleducations,@exceleducations,https://twitter.com/exceleducations/status/1714250588438036537,Oct 17,Genius can solve this…,15,4,20,25K
https://twitter.com/exceleducations,@exceleducations,https://twitter.com/exceleducations/status/1714235190086885619,Oct 17,Enter your Answer!,55,3,17,54K
https://twitter.com/exceleducations,@exceleducations,https://twitter.com/exceleducations/status/1714205798673596868,Oct 17,Can you solve this ?,102,7,39,71K
https://twitter.com/exceleducations,@exceleducations,https://twitter.com/exceleducations/status/1714142565916881283,Oct 17,Can you solve this ?,95,10,42,56K
https://twitter.com/exceleducations,@exceleducations,https://twitter.com/exceleducations/status/1714117311190245785,Oct 17,Can you solve this without calc. ?,48,2,17,28K
https://twitter.com/exceleducations,@exceleducations,https://twitter.com/exceleducations/status/1713961572044030235,Oct 16,Fill the blanks,13,1,12,20K
https://twitter.com/exceleducations,@exceleducations,https://twitter.com/exceleducations/status/1713621229322834278,Oct 15,Can you solve this ?,100,14,54,77K
https://twitter.com/exceleducations,@exceleducations,https://twitter.com/exceleducations/status/1713605628462317806,Oct 15,How many ducks are there in this picture ?,64,2,41,59K
https://twitter.com/exceleducations,@exceleducations,https://twitter.com/exceleducations/status/1713565031252758886,Oct 15,Can you solve this ?,111,7,39,57K
https://twitter.com/exceleducations,@exceleducations,https://twitter.com/exceleducations/status/1713366593017672128,Oct 15,Solve this one…,141,5,58,78K
https://twitter.com/exceleducations,@exceleducations,https://twitter.com/exceleducations/status/1713230532354478308,Oct 14,Share your answer if you solve it…,79,6,34,60K
