UserId,Tweet_Url,Date-Time,LIkes,Comments,Retweets,,Tweets
@kqthonyfilms,https://twitter.com/kqthonyfilms/status/1725381169737310409,8h,2,21,163,2.2K,"one day, they’re taking their first steps and the next, they’re off to college :’)"
@wylieesofia,https://twitter.com/wylieesofia/status/1725456216346824870,3h,1,4,,109,FACE CARD HAS NEVER DECLINED
@wylieesofia,https://twitter.com/wylieesofia/status/1725455963514102049,3h,2,,,78,they both look so stunning
@sofiawyie,https://twitter.com/sofiawyie/status/1725349156443861406,10h,4,26,212,3K,this is rickys favorite photo of gina
@wylieesofia,https://twitter.com/wylieesofia/status/1679449946628448256,Jul-13,1,2,49,45K,
@sofiawyie,https://twitter.com/sofiawyie/status/1725349156443861406,10h,4,26,213,3K,this is rickys favorite photo of gina
,,,,,,,
Follow,,,,,,,
Follow,,,,,,,
Follow,,,,,,,
,,,,,,,
@wylieesofia,https://twitter.com/wylieesofia/status/1725442807895093262,4h,10,,,104,she’s so gorgeous
@wylieesofia,https://twitter.com/wylieesofia/status/1725455963514102049,3h,2,,,78,they both look so stunning
@wylieesofia,https://twitter.com/wylieesofia/status/1725431899563184268,4h,12,,,149,she’s so beautiful
@wylieesofia,https://twitter.com/wylieesofia/status/1725412710630744532,6h,6,,,116,goodmorning <3
@wylieesofia,https://twitter.com/wylieesofia/status/1725442807895093262,4h,10,,,104,she’s so gorgeous
@wylieesofia,https://twitter.com/wylieesofia/status/1725300403447730392,13h,2,,,122,goodnight <3
@wylieesofia,https://twitter.com/wylieesofia/status/1725299307497021464,13h,3,,,215,real
@wylieesofia,https://twitter.com/wylieesofia/status/1725299179809808478,13h,1,,,199,IM UP
@wylieesofia,https://twitter.com/wylieesofia/status/1725298174602928505,13h,6,,,256,cindy lou who got me like this
@wylieesofia,https://twitter.com/wylieesofia/status/1725292593813082559,14h,22,,,395,"and we stan! i mean it’s ricky bowen we’re talking about, i’d move across the world for that boy and i know gina would too"
@wylieesofia,https://twitter.com/wylieesofia/status/1725299179809808478,13h,1,,,199,IM UP
@wylieesofia,https://twitter.com/wylieesofia/status/1725288505952055738,14h,4,,,168,i love her bad
@wylieesofia,https://twitter.com/wylieesofia/status/1725298174602928505,13h,6,,,256,cindy lou who got me like this
@wylieesofia,https://twitter.com/wylieesofia/status/1725288505952055738,14h,4,,,168,i love her bad
@wylieesofia,https://twitter.com/wylieesofia/status/1725284761671733351,14h,1,,,121,my family forever
@wylieesofia,https://twitter.com/wylieesofia/status/1725284616750195177,14h,2,102,,903,SHUT UP SHES SO STUNNING
@wylieesofia,https://twitter.com/wylieesofia/status/1725283700261208517,14h,1,11,,253,josh’s version of puppy love means everything to me like he sounds so good
@wylieesofia,https://twitter.com/wylieesofia/status/1725283074592702511,14h,6,30,36,7.9K,you know this album? quote it
@wylieesofia,https://twitter.com/wylieesofia/status/1725288505952055738,14h,4,,,168,i love her bad
@wylieesofia,https://twitter.com/wylieesofia/status/1725284761671733351,14h,1,,,121,my family forever
@wylieesofia,https://twitter.com/wylieesofia/status/1725282197555368434,14h,1,3,,355,"fruitcake ranking after first listen: 
1. cindy lou who 
2. santa doesn’t know you like i do 
3. is it new years yet? 
4. buy me presents"
@wylieesofia,https://twitter.com/wylieesofia/status/1725280915432047094,14h,4,46,,601,he’s so pretty
@wylieesofia,https://twitter.com/wylieesofia/status/1725280511398949209,14h,1,,,81,one of my fave xmas songs
@wylieesofia,https://twitter.com/wylieesofia/status/1725284761671733351,14h,1,,,121,my family forever
@wylieesofia,https://twitter.com/wylieesofia/status/1725280915432047094,14h,4,46,,601,he’s so pretty
@wylieesofia,https://twitter.com/wylieesofia/status/1725279847595827683,14h,2,,,128,guys it’s so incredible. sabrina carpenter did it again
@wylieesofia,https://twitter.com/wylieesofia/status/1725279516036129224,14h,2,,,240,34 years ago!?!?! shut up
@wylieesofia,https://twitter.com/wylieesofia/status/1725279391305863471,14h,1,52,346,7.5K,they made this happen
@wylieesofia,https://twitter.com/wylieesofia/status/1725277006298845573,15h,3,,,201,IM SO READY
@wylieesofia,https://twitter.com/wylieesofia/status/1725280915432047094,14h,4,46,,601,he’s so pretty
@wylieesofia,https://twitter.com/wylieesofia/status/1725276569193578532,15h,,,,200,i’m so ready for their endgame
@wylieesofia,https://twitter.com/wylieesofia/status/1725276122118520929,15h,5,,,179,ITS HEREE
@wylieesofia,https://twitter.com/wylieesofia/status/1725273454268576095,15h,,,,88,i’m obsessed it’s SO GOOD
@wylieesofia,https://twitter.com/wylieesofia/status/1725271892230099212,15h,6,54,,823,sofia wylie our #1 rina warrior
@wylieesofia,https://twitter.com/wylieesofia/status/1725276569193578532,15h,,,,200,i’m so ready for their endgame
@wylieesofia,https://twitter.com/wylieesofia/status/1725271892230099212,15h,6,54,,823,sofia wylie our #1 rina warrior
@wylieesofia,https://twitter.com/wylieesofia/status/1725270666578960869,15h,26,103,,1.4K,this is perfect in every way
@wylieesofia,https://twitter.com/wylieesofia/status/1725267375748989260,15h,1,1,,147,MEE YAY
@wylieesofia,https://twitter.com/wylieesofia/status/1725267292789866612,15h,6,,,129,“the power of love” this is giving me major buzz
@wylieesofia,https://twitter.com/wylieesofia/status/1725254169467265391,16h,5,101,,1.1K,the caption she’s so
@wylieesofia,https://twitter.com/wylieesofia/status/1725252911524176034,16h,3,15,,225,SHES SO FUNNY
@wylieesofia,https://twitter.com/wylieesofia/status/1725270666578960869,15h,26,103,,1.4K,this is perfect in every way
@wylieesofia,https://twitter.com/wylieesofia/status/1725267292789866612,15h,6,,,129,“the power of love” this is giving me major buzz
@wylieesofia,https://twitter.com/wylieesofia/status/1725252518832406859,16h,2,21,,328,i love her so much
@wylieesofia,https://twitter.com/wylieesofia/status/1725252381557063750,16h,7,,,170,stop i love her
@wylieesofia,https://twitter.com/wylieesofia/status/1725267292789866612,15h,6,,,129,“the power of love” this is giving me major buzz
@wylieesofia,https://twitter.com/wylieesofia/status/1725252911524176034,16h,3,15,,225,SHES SO FUNNY
@wylieesofia,https://twitter.com/wylieesofia/status/1725252381557063750,16h,7,,,170,stop i love her
@wylieesofia,https://twitter.com/wylieesofia/status/1725190795500658925,20h,3,40,,698,ur welcome
@wylieesofia,https://twitter.com/wylieesofia/status/1725185500808446454,21h,1,21,,453,sofia was such a baby back then
@wylieesofia,https://twitter.com/wylieesofia/status/1725143740681969819,23h,14,,,331,she means so much to me i love her :(
@wylieesofia,https://twitter.com/wylieesofia/status/1725190795500658925,20h,3,40,,698,ur welcome
@wylieesofia,https://twitter.com/wylieesofia/status/1725143740681969819,23h,14,,,331,she means so much to me i love her :(
@wylieesofia,https://twitter.com/wylieesofia/status/1725077366425198934,Nov-16,4,,,248,goodmorning <3
@truecastaways,https://twitter.com/truecastaways/status/1725050641490366470,Nov-16,1,18,193,4.5K,the biggest lie in the fandom is that jack would ever stand a chance against ricky bowen. it’s ricky for gina. it’s always been ricky. it’s always going to be ricky.
@wylieesofia,https://twitter.com/wylieesofia/status/1724954040717410355,Nov-16,5,@wylieesofia,@lucygrayzegler,433,Was tagged by
@wylieesofia,https://twitter.com/wylieesofia/status/1724927728372117958,Nov-16,1,20,200,3K,“if only i’d known my damn line” i can’t with him
@wylieesofia,https://twitter.com/wylieesofia/status/1724920258350215214,Nov-16,9,,,220,goodnight <3
@wylieesofia,https://twitter.com/wylieesofia/status/1724912563815612698,Nov-16,2,,,156,WHY
@wylieesofia,https://twitter.com/wylieesofia/status/1724927728372117958,Nov-16,1,20,200,3K,“if only i’d known my damn line” i can’t with him
@wylieesofia,https://twitter.com/wylieesofia/status/1724912266712092747,Nov-16,3,16,,259,life is so stupid without them
@wylieesofia,https://twitter.com/wylieesofia/status/1724927728372117958,Nov-16,1,20,200,3K,“if only i’d known my damn line” i can’t with him
@wylieesofia,https://twitter.com/wylieesofia/status/1724911749147553872,Nov-16,1,38,240,3K,they’re so pretty kissers i’m gonna pass out
@wylieesofia,https://twitter.com/wylieesofia/status/1724910090812092842,Nov-16,4,,,166,i’m not doing well
@wylieesofia,https://twitter.com/wylieesofia/status/1724912266712092747,Nov-16,3,16,,259,life is so stupid without them
@wylieesofia,https://twitter.com/wylieesofia/status/1724911749147553872,Nov-16,1,38,240,3K,they’re so pretty kissers i’m gonna pass out
@wylieesofia,https://twitter.com/wylieesofia/status/1724909483535548904,Nov-16,21,0:04,,299,she’s so
@wylieesofia,https://twitter.com/wylieesofia/status/1724908274812944673,Nov-16,7,,,366,yes real
@wylieesofia,https://twitter.com/wylieesofia/status/1724905801905750112,Nov-16,1,11,,898,there’s only one right answer to this and that is noah schnapp
@wylieesofia,https://twitter.com/wylieesofia/status/1724903787637440534,Nov-16,4,49,,1.1K,do i need to say more?
@wylieesofia,https://twitter.com/wylieesofia/status/1724903456115392833,Nov-16,13,39,328,10K,imagine what it would’ve been like if the love triangle in s3 would’ve been them and ricky
@wylieesofia,https://twitter.com/wylieesofia/status/1724900982432452907,Nov-16,3,37,,477,i still need the wide screen version of this blooper reel like where is it??
@wylieesofia,https://twitter.com/wylieesofia/status/1724909483535548904,Nov-16,21,0:04,,299,she’s so
@wylieesofia,https://twitter.com/wylieesofia/status/1724903787637440534,Nov-16,4,49,,1.1K,do i need to say more?
@wylieesofia,https://twitter.com/wylieesofia/status/1724899596789575839,Nov-16,1,,,155,no.
@wylieesofia,https://twitter.com/wylieesofia/status/1724903787637440534,Nov-16,4,49,,1.1K,do i need to say more?
@wylieesofia,https://twitter.com/wylieesofia/status/1724903456115392833,Nov-16,13,39,328,10K,imagine what it would’ve been like if the love triangle in s3 would’ve been them and ricky
@wylieesofia,https://twitter.com/wylieesofia/status/1724899419861250138,Nov-16,7,,,178,sofia laughing at josh’s jokes is so me
@wylieesofia,https://twitter.com/wylieesofia/status/1724898034168057921,Nov-16,2,32,,395,“i’m rolling in the shiitt” josh is so
@wylieesofia,https://twitter.com/wylieesofia/status/1724886401710440691,Nov-16,19,,,255,they know they ate this so hard
@wylieesofia,https://twitter.com/wylieesofia/status/1724903456115392833,Nov-16,13,39,328,10K,imagine what it would’ve been like if the love triangle in s3 would’ve been them and ricky
@wylieesofia,https://twitter.com/wylieesofia/status/1724900982432452907,Nov-16,3,37,,477,i still need the wide screen version of this blooper reel like where is it??
@wylieesofia,https://twitter.com/wylieesofia/status/1724898034168057921,Nov-16,2,32,,395,“i’m rolling in the shiitt” josh is so
@wylieesofia,https://twitter.com/wylieesofia/status/1724886203462303872,Nov-16,35,,,386,sofia wylie’s face card needs to be studied
@wylieesofia,https://twitter.com/wylieesofia/status/1724885275535376667,Nov-16,71,,,1K,she most certainly is
@wylieesofia,https://twitter.com/wylieesofia/status/1724873469001703456,Nov-16,,,,176,"we’ve got so much bts, this is making me miss them even more idk if i can do this anymore"
@wylieesofia,https://twitter.com/wylieesofia/status/1724898034168057921,Nov-16,2,32,,395,“i’m rolling in the shiitt” josh is so
@wylieesofia,https://twitter.com/wylieesofia/status/1724872976493941146,Nov-16,6,,,212,what a beautiful man
@wylieesofia,https://twitter.com/wylieesofia/status/1724872646397935738,Nov-16,3,,,147,my favorite siblings
@wylieesofia,https://twitter.com/wylieesofia/status/1724872420404707649,Nov-16,13,111,,1.1K,they were so tiny back then i can’t do this i’m gonna cry
@wylieesofia,https://twitter.com/wylieesofia/status/1724871953062752552,Nov-16,6,128,,1.1K,the most unserious people on earth
@wylieesofia,https://twitter.com/wylieesofia/status/1724871502879670740,Nov-16,1,7,,422,i’m gonna cry i’m so proud of him
@wylieesofia,https://twitter.com/wylieesofia/status/1724870528886849882,Nov-16,1,4,102,1K,me when i saw sofia’s photo dump
@wylieesofia,https://twitter.com/wylieesofia/status/1724870528886849882,Nov-16,1,4,102,1K,me when i saw sofia’s photo dump
@wylieesofia,https://twitter.com/wylieesofia/status/1724869072125387051,Nov-16,8,117,,1.1K,so proud of him
@wylieesofia,https://twitter.com/wylieesofia/status/1724868901354311802,Nov-16,7,91,,884,JOSH AND ADRIAN MY BOYSS
@wylieesofia,https://twitter.com/wylieesofia/status/1724868086040232230,Nov-16,20,,,342,if i don’t get them to work on another project together i will do something drastic
@wylieesofia,https://twitter.com/wylieesofia/status/1724867548036907201,Nov-16,10,,,203,"i can’t say goodbye to them, they’re my family"
@wylieesofia,https://twitter.com/wylieesofia/status/1724868901354311802,Nov-16,7,91,,884,JOSH AND ADRIAN MY BOYSS
@wylieesofia,https://twitter.com/wylieesofia/status/1724863598080491868,Nov-16,1,,,148,"another reminder, if y’all wanna see me complain about my life and spam other weird shit, go follow my private account"
@wylieesofia,https://twitter.com/wylieesofia/status/1724858743920144571,Nov-16,13,,,715,"that’s some real bestie energy, laughing at each others jokes even tho they might not be that funny"
@wylieesofia,https://twitter.com/wylieesofia/status/1724857333522555385,Nov-16,7,,,363,so how reliable is this?
@SSIAHR1NA,https://twitter.com/SSIAHR1NA/status/1724853448129007892,Nov-15,21,62,62,5.3K,"hey everyone!!! its isha here, my old account got suspended"
@wylieesofia,https://twitter.com/wylieesofia/status/1724868901354311802,Nov-16,7,91,,884,JOSH AND ADRIAN MY BOYSS
@wylieesofia,https://twitter.com/wylieesofia/status/1724868086040232230,Nov-16,20,,,342,if i don’t get them to work on another project together i will do something drastic
@wylieesofia,https://twitter.com/wylieesofia/status/1724856870630793281,Nov-15,1,,,171,EVERYONE GO FOLLOW ISHA’S NEW ACCOUNT!!
@wylieesofia,https://twitter.com/wylieesofia/status/1724868086040232230,Nov-16,20,,,342,if i don’t get them to work on another project together i will do something drastic
@wylieesofia,https://twitter.com/wylieesofia/status/1724856610642632981,Nov-15,11,,,181,she’s so unserious
@wylieesofia,https://twitter.com/wylieesofia/status/1724835406401646749,Nov-15,17,,,255,SOFIAS LAUGH PLS I LOVE HER
@wylieesofia,https://twitter.com/wylieesofia/status/1724835099332546593,Nov-15,2,I love you all so much",Show more,280,I KNEW WE COULD COUNT ON SOFIA!!
@wylieesofia,https://twitter.com/wylieesofia/status/1724856610642632981,Nov-15,11,,,181,she’s so unserious
@wylieesofia,https://twitter.com/wylieesofia/status/1724835099332546593,Nov-15,2,I love you all so much",Show more,280,I KNEW WE COULD COUNT ON SOFIA!!
@wylieesofia,https://twitter.com/wylieesofia/status/1724834553838076055,Nov-15,12,133,0:33,2.9K,WE GOT IT FINALLY
@wylieesofia,https://twitter.com/wylieesofia/status/1724833896448090310,Nov-15,5,,,183,MY BESTIES I LOVE THEM SO MUCH
@wylieesofia,https://twitter.com/wylieesofia/status/1724835099332546593,Nov-15,2,I love you all so much",Show more,280,I KNEW WE COULD COUNT ON SOFIA!!
@wylieesofia,https://twitter.com/wylieesofia/status/1724834553838076055,Nov-15,12,133,0:33,2.9K,WE GOT IT FINALLY
@wylieesofia,https://twitter.com/wylieesofia/status/1724828699936149666,Nov-15,3,9,,657,i miss isha :(
@wylieesofia,https://twitter.com/wylieesofia/status/1724817561215221911,Nov-15,4,,,208,MY FAMILY FOREVER
@wylieesofia,https://twitter.com/wylieesofia/status/1724809299111674002,Nov-15,9,,,243,THE UNIVERSE MUST HAVE MY BACK
@wylieesofia,https://twitter.com/wylieesofia/status/1724834553838076055,Nov-15,12,133,0:33,2.9K,WE GOT IT FINALLY
@wylieesofia,https://twitter.com/wylieesofia/status/1724828699936149666,Nov-15,3,9,,657,i miss isha :(
@wylieesofia,https://twitter.com/wylieesofia/status/1724809099643154765,Nov-15,4,,,129,MY GIRLSS
@wylieesofia,https://twitter.com/wylieesofia/status/1724809053665103872,Nov-15,10,,,179,
@wylieesofia,https://twitter.com/wylieesofia/status/1724809005690732704,Nov-15,2,28,,394,DARA AND MONIQUE AH I LOVE TMEM
@wylieesofia,https://twitter.com/wylieesofia/status/1724808792788107516,Nov-15,15,,,192,FAMILYY
@lycgami,https://twitter.com/lycgami/status/1724584597810229459,Nov-15,5,180,856,14K,no one could’ve brought ricky bowen and gina porter to life the way these two did.
@wylieesofia,https://twitter.com/wylieesofia/status/1724788477211095163,Nov-15,1,1,2,169,HAPPY BIRTHDAY LOVELY
@wylieesofia,https://twitter.com/wylieesofia/status/1724787117371613498,Nov-15,,,,290,"summer child 
astronomy 
r? 
affluenza"
@wylieesofia,https://twitter.com/wylieesofia/status/1724762770808127681,Nov-15,9,,,197,you can’t watch this pic without smiling you just can’t
@wylieesofia,https://twitter.com/wylieesofia/status/1724761334674256041,Nov-15,10,118,,1K,the golden trio
@wylieesofia,https://twitter.com/wylieesofia/status/1724787117371613498,Nov-15,,,,290,"summer child 
astronomy 
r? 
affluenza"
@wylieesofia,https://twitter.com/wylieesofia/status/1724750037534581220,Nov-15,15,,,217,MY PEOPLE
@wylieesofia,https://twitter.com/wylieesofia/status/1724749310112256439,Nov-15,1,1,35,492,"i can’t decide which is cuter, sofia or the puppy"
@wylieesofia,https://twitter.com/wylieesofia/status/1724750037534581220,Nov-15,15,,,217,MY PEOPLE
@wylieesofia,https://twitter.com/wylieesofia/status/1724748583767789777,Nov-15,9,71,,965,"no one could’ve played gina porter the way sofia wylie did. she was perfect for this role and it was truly incredible to see her grow as an actress but also as a human being in the past 4 years. thank u sofia, i love u always and i will keep gina in my heart forever."
@wylieesofia,https://twitter.com/wylieesofia/status/1724743969043595496,Nov-15,19,,,302,"“truly be accepted for the first time during these past 4 years” SOFIA MY BABY IM GONNA CRY SHE DESERVED THIS ROLE MORE THAN ANYONE ELSE, I LOVE HER SO SO MUCH"
@wylieesofia,https://twitter.com/wylieesofia/status/1724742540228719000,Nov-15,3,,,186,they ate
@wylieesofia,https://twitter.com/wylieesofia/status/1724742540228719000,Nov-15,3,,,186,they ate
@wylieesofia,https://twitter.com/wylieesofia/status/1724742382556434861,Nov-15,2,39,,496,sofia’s smile is the brightest smile i have ever seen
@wylieesofia,https://twitter.com/wylieesofia/status/1724741954657816745,Nov-15,3,,,170,MY HEART
@wylieesofia,https://twitter.com/wylieesofia/status/1724741067352707559,Nov-15,2,,Show more,264,my top 5 on guts
@wylieesofia,https://twitter.com/wylieesofia/status/1724739270760411545,Nov-15,55,358,,3.8K,"“having somebody that i felt like was in my corner throughout the season, who i could call when i got home and was living alone, or who i could call when i was on set and having a rough time. josh was definitely one of those people for me.”"
@wylieesofia,https://twitter.com/wylieesofia/status/1724732999504109754,Nov-15,2,41,,871,"joshua bassett and sofia wylie, i will love you forever"
@wylieesofia,https://twitter.com/wylieesofia/status/1724719080379158797,Nov-15,11,,,190,sofia’s mirror selfies on set are my favorite thing
@wylieesofia,https://twitter.com/wylieesofia/status/1724695940475351316,Nov-15,9,81,,905,there’s just something about josh & sofia with puppies
·,https://twitter.com/wylieesofia/status/1652274557087014912,Apr-29,,,,,
,,,,,,,
·,https://twitter.com/wylieesofia/status/1724049777350816174,Nov-13,,,,,
@wylieesofia,https://twitter.com/wylieesofia/status/1724694475992093176,Nov-15,,,,77,yes i changed it again
@wylieesofia,https://twitter.com/wylieesofia/status/1724691965093011751,Nov-15,5,,,131,it needed to be done
@wylieesofia,https://twitter.com/wylieesofia/status/1724678755522662748,Nov-15,7,47,,435,i love them so much i’m gonna cry :((
@wylieesofia,https://twitter.com/wylieesofia/status/1724678618310230142,Nov-15,2,27,,268,HER FACE CARD
@wylieesofia,https://twitter.com/wylieesofia/status/1724677707240239598,Nov-15,10,,,177,STOP IM GONNA CRY
@wylieesofia,https://twitter.com/wylieesofia/status/1724677581662822793,Nov-15,5,40,,434,she’s so stunning i’m in love
@wylieesofia,https://twitter.com/wylieesofia/status/1724677482169696752,Nov-15,2,32,,423,GOODMORNING TO ME
@wylieesofia,https://twitter.com/wylieesofia/status/1724547715072217501,Nov-15,1,17,,283,goodnight <3
@wylieesofia,https://twitter.com/wylieesofia/status/1724547041345343612,Nov-15,1,67,,838,THAT SMIRK IS HE TRYING TO KILL ME
@wylieesofia,https://twitter.com/wylieesofia/status/1724546917202268607,Nov-15,20,,,400,my goofy family
@wylieesofia,https://twitter.com/wylieesofia/status/1724546690839900218,Nov-15,1,1,53,516,JOSH MY CUTIE
@wylieesofia,https://twitter.com/wylieesofia/status/1724544943081828719,Nov-15,1,16,,634,wdym one year i’m gonna cry
@wylieesofia,https://twitter.com/wylieesofia/status/1724528007556018472,Nov-15,1,16,185,2.2K,he heart eyes are insane like she really loves that boy
@qu4rrys,https://twitter.com/qu4rrys/status/1724454307632685064,Nov-14,1,35,152,2.7K,we always talk about rickys heart eyes for gina but can we talk about ginas heart eyes for ricky… like she’s insane
@wylieesofia,https://twitter.com/wylieesofia/status/1724527096402153971,Nov-15,1,30,,380,JOSH BABY
@wylieesofia,https://twitter.com/wylieesofia/status/1724526709657972900,Nov-15,8,,,185,CUTIES
@wylieesofia,https://twitter.com/wylieesofia/status/1724526665395527980,Nov-15,10,,,211,MY PEOPLE
@wylieesofia,https://twitter.com/wylieesofia/status/1724526573456380053,Nov-15,3,77,,684,STOP ILL CRY
@wylieesofia,https://twitter.com/wylieesofia/status/1724526512940920979,Nov-15,1,23,,262,FAMILYY
@wylieesofia,https://twitter.com/wylieesofia/status/1724446579757613243,Nov-14,18,103,,1.3K,they’re so cute i’m gonna cry
@wylieesofia,https://twitter.com/wylieesofia/status/1724437363252711773,Nov-14,16,158,,1.6K,cozi is so real for this
@wylieesofia,https://twitter.com/wylieesofia/status/1724435118314459205,Nov-14,1,1,57,1.5K,only real ones get this scene
@wylieesofia,https://twitter.com/wylieesofia/status/1724431088926261561,Nov-14,8,,,375,my people
@wylieesofia,https://twitter.com/wylieesofia/status/1724446579757613243,Nov-14,18,103,,1.3K,they’re so cute i’m gonna cry
@darawyliv,https://twitter.com/darawyliv/status/1724252708444467605,Nov-14,3,16,91,2.8K,the can’t catch me now music video is like very distant cousins with the all i want mv
@wylieesofia,https://twitter.com/wylieesofia/status/1724401893512765601,Nov-14,1,3,,224,MY FAVORITE BESTIES
@oliviarodrigo,https://twitter.com/oliviarodrigo/status/1724277287045259607,Nov-14,545,5.6K,35K,893K,the video for ‘Can’t Catch Me Now’ is out now!!!
@wylieesofia,https://twitter.com/wylieesofia/status/1724378228440060126,Nov-14,13,,,331,"ladies, gentlemen and non-binary babes, HER"
@wylieesofia,https://twitter.com/wylieesofia/status/1724330685505085512,Nov-14,15,,,301,goodmorning <3
@wylieesofia,https://twitter.com/wylieesofia/status/1724330424342646978,Nov-14,12,,,381,he looks so cute
@oliviarodrigo,https://twitter.com/oliviarodrigo/status/1724277287045259607,Nov-14,545,5.6K,35K,893K,the video for ‘Can’t Catch Me Now’ is out now!!!
@wylieesofia,https://twitter.com/wylieesofia/status/1724206168220844194,Nov-14,3,4,96,1.2K,goodnight <3
@wylieesofia,https://twitter.com/wylieesofia/status/1724204371179721196,Nov-14,19,210,,2.5K,saying josh has inherent golden retriever energy is so real
@wylieesofia,https://twitter.com/wylieesofia/status/1724202753847636148,Nov-14,1,27,,419,SOFIAA MY QUEEN
@wylieesofia,https://twitter.com/wylieesofia/status/1724330424342646978,Nov-14,12,,,381,he looks so cute
@wylieesofia,https://twitter.com/wylieesofia/status/1724202753847636148,Nov-14,1,27,,419,SOFIAA MY QUEEN
@wylieesofia,https://twitter.com/wylieesofia/status/1724201189087055875,Nov-14,3,,,354,i can’t even remember when was the last time that we were all active at the same time. this is going to the history books.
@wylieesofia,https://twitter.com/wylieesofia/status/1724197436787249514,Nov-14,2,2,,385,"which oomf am i to you ? 
(stolen from tay)"
@wylieesofia,https://twitter.com/wylieesofia/status/1724197032791851109,Nov-14,1,5,GIF,699,name a movie you’ve seen more than 7 times with a gif
·,https://twitter.com/wylieesofia/status/1724195833048940546,Nov-14,,,,,
·,https://twitter.com/wylieesofia/status/1724195836404392203,Nov-14,,,,,
@wylieesofia,https://twitter.com/wylieesofia/status/1724202753847636148,Nov-14,1,27,,419,SOFIAA MY QUEEN
@wylieesofia,https://twitter.com/wylieesofia/status/1724197032791851109,Nov-14,1,5,GIF,699,name a movie you’ve seen more than 7 times with a gif
@wylieesofia,https://twitter.com/wylieesofia/status/1724196240231993358,Nov-14,3,,,163,"ppl like this are not her fans cause if you’re really her fan, you would respect her privacy. super weird behavior. like so what that her bf just happens to go to the same school as you? you don’t have to post a fucking tiktok about it. RESPECT OTHER PPLS PRIVACY."
@wylieesofia,https://twitter.com/wylieesofia/status/1724188676916117863,Nov-14,6,,,297,the real endgame
@wylieesofia,https://twitter.com/wylieesofia/status/1724188381511348538,Nov-14,4,4,,2.5K,quote this with your first 6 songs on repeat
@wylieesofia,https://twitter.com/wylieesofia/status/1724144862591693163,Nov-14,1,79,,791,CUTIES
@wylieesofia,https://twitter.com/wylieesofia/status/1724188676916117863,Nov-14,6,,,297,the real endgame
@wylieesofia,https://twitter.com/wylieesofia/status/1724090451500703814,Nov-13,2,60,,728,i love them so much
@wylieesofia,https://twitter.com/wylieesofia/status/1724089812603330809,Nov-13,3,12,37,6.7K,show us your lockscreen or 7 years of bad luck
@wylieesofia,https://twitter.com/wylieesofia/status/1724188676916117863,Nov-14,6,,,297,the real endgame
@wylieesofia,https://twitter.com/wylieesofia/status/1724089565068071348,Nov-13,3,93,,934,STOP MY HEART CAN’T TAKE THIS RIGHT NOW
@wylieesofia,https://twitter.com/wylieesofia/status/1724072165723472272,Nov-13,31,,,355,it can’t be saysojover i won’t allow it
@wylieesofia,https://twitter.com/wylieesofia/status/1724064438515351604,Nov-13,1,1,1,894,so slay
@wylieesofia,https://twitter.com/wylieesofia/status/1724055585069449266,Nov-13,2,2,46,1.5K,this is so fucked up like she keeps that relationship private FOR A REASON so why can’t some ppl respect that and treat her like a human being and leave her alone. just because she’s a celebrity doesn’t mean that u get to treat her however the hell u want.
@wylieesofia,https://twitter.com/wylieesofia/status/1724051984540455235,Nov-13,1,32,,470,NO HAT WE WON
@wylieesofia,https://twitter.com/wylieesofia/status/1717905995056238636,Oct-27,1,1,@wylieesofia,162,new layout
@wylieesofia,https://twitter.com/wylieesofia/status/1724048121812885861,Nov-13,1,4,69,857,i don’t think i’ll ever move on from this
@wylieesofia,https://twitter.com/wylieesofia/status/1724051984540455235,Nov-13,1,32,,470,NO HAT WE WON
@wylieesofia,https://twitter.com/wylieesofia/status/1724030256799945042,Nov-13,21,229,,2.2K,“she’s like a little sister to me”
@wylieesofia,https://twitter.com/wylieesofia/status/1723973703241711906,Nov-13,11,,,249,he’s so
@wylieesofia,https://twitter.com/wylieesofia/status/1724051984540455235,Nov-13,1,32,,470,NO HAT WE WON
@wylieesofia,https://twitter.com/wylieesofia/status/1723973158422905125,Nov-13,3,31,,478,HELLOO!?!?
@wylieesofia,https://twitter.com/wylieesofia/status/1723972854234988556,Nov-13,2,,,154,GOODMORNING TO ME
@wylieesofia,https://twitter.com/wylieesofia/status/1723860765055013359,Nov-13,2,2,17,493,i’m gonna go cry myself to sleep now goodnight again <3 if sofia posts while i’m asleep i will lose my shit
@wylieesofia,https://twitter.com/wylieesofia/status/1723973703241711906,Nov-13,11,,,249,he’s so
@wylieesofia,https://twitter.com/wylieesofia/status/1723972854234988556,Nov-13,2,,,154,GOODMORNING TO ME
@wylieesofia,https://twitter.com/wylieesofia/status/1723860076933341627,Nov-13,12,64,,955,family over the years
@wylieesofia,https://twitter.com/wylieesofia/status/1723859026843152539,Nov-13,20,,,266,POOKIE BABIES
@wylieesofia,https://twitter.com/wylieesofia/status/1723858429481996489,Nov-13,16,,,282,saylor is the luckiest person in the whole universe
@wylieesofia,https://twitter.com/wylieesofia/status/1723972854234988556,Nov-13,2,,,154,GOODMORNING TO ME
@wylieesofia,https://twitter.com/wylieesofia/status/1723854726402359768,Nov-13,7,55,,774,WHATS HIS PROBLEM
@wylieesofia,https://twitter.com/wylieesofia/status/1723854134581866587,Nov-13,10,,,235,THEY WERE SO TINY
@wylieesofia,https://twitter.com/wylieesofia/status/1723853901927964981,Nov-13,2,25,324,2.8K,SHUT UP JOSH LOOKS SO GOOD
@wylieesofia,https://twitter.com/wylieesofia/status/1723853128192115161,Nov-13,3,24,,392,
@wylieesofia,https://twitter.com/wylieesofia/status/1723851117925130674,Nov-13,39,163,,2.1K,i’m crying so much that i can’t breathe they mean the world to me
@wylieesofia,https://twitter.com/wylieesofia/status/1723849254521676039,Nov-13,3,30,,386,i’m crying they mean everything to me
@wylieesofia,https://twitter.com/wylieesofia/status/1723848553133441388,Nov-13,28,,,336,the most cutest and precious friendship i have ever seen
@wylieesofia,https://twitter.com/wylieesofia/status/1723846306601263462,Nov-13,13,,,311,crying over saysojo i can’t do this like physically can’t stop crying someone help me
@wylieesofia,https://twitter.com/wylieesofia/status/1723842875333431710,Nov-13,29,123,,1.3K,the holy trinity
@wylieesofia,https://twitter.com/wylieesofia/status/1723841937789145178,Nov-13,12,104,,854,everyone say thank you saylor
@wylieesofia,https://twitter.com/wylieesofia/status/1723839777189896405,Nov-13,18,,,283,saysojo came home i had to
@wylieesofia,https://twitter.com/wylieesofia/status/1723838353777254865,Nov-13,1,14,220,2.5K,never wanted to be saylor more in my life
@wylieesofia,https://twitter.com/wylieesofia/status/1723838186692972904,Nov-13,1,39,,552,i’m crying
@wylieesofia,https://twitter.com/wylieesofia/status/1723838070779208058,Nov-13,3,61,,505,SAYJO I LOVE THEM SO MUCH
@wylieesofia,https://twitter.com/wylieesofia/status/1723837744105812088,Nov-13,3,74,,1.1K,SAYSOJO MY BABIES AH MY HEART
@wylieesofia,https://twitter.com/wylieesofia/status/1723834147498598412,Nov-13,2,27,,541,goodnight <3
@wylieesofia,https://twitter.com/wylieesofia/status/1723827276859535456,Nov-13,19,,,303,SHES SO POOKIE I LOVE HER SO MUCH
@wylieesofia,https://twitter.com/wylieesofia/status/1723827276859535456,Nov-13,19,,,303,SHES SO POOKIE I LOVE HER SO MUCH
@wylieesofia,https://twitter.com/wylieesofia/status/1723809430225981547,Nov-13,4,38,,470,that’s family i’m sobbing
@wylieesofia,https://twitter.com/wylieesofia/status/1723802582236213601,Nov-13,16,,,564,my family forever i love them so much
@wylieesofia,https://twitter.com/wylieesofia/status/1723802390166388894,Nov-13,5,36,,568,HES THREE APPLES TALL
@wylieesofia,https://twitter.com/wylieesofia/status/1723801876435440054,Nov-13,6,52,,992,josh & sofia with mark
@wylieesofia,https://twitter.com/wylieesofia/status/1723801641638310223,Nov-13,12,,,176,MY GIRLSS
@wylieesofia,https://twitter.com/wylieesofia/status/1723801538194272515,Nov-13,4,82,,697,they know they ate
@wylieesofia,https://twitter.com/wylieesofia/status/1723801364587851893,Nov-13,52,,,435,STOP IM GONNA CRY
@wylieesofia,https://twitter.com/wylieesofia/status/1723801214108741714,Nov-13,1,3,159,1.3K,JOSH IS SO CUTE
@wylieesofia,https://twitter.com/wylieesofia/status/1723784990800953437,Nov-13,3,23,,412,they’ve come so far
@wylieesofia,https://twitter.com/wylieesofia/status/1723784990800953437,Nov-13,3,23,,412,they’ve come so far
@wylieesofia,https://twitter.com/wylieesofia/status/1723780345990983785,Nov-13,1,53,,553,STOP I AM NOT STRONG ENOUGH FOR THIS
@wylieesofia,https://twitter.com/wylieesofia/status/1723780072924959096,Nov-13,1,1,26,1K,well now u have. ur welcome
@wylieesofia,https://twitter.com/wylieesofia/status/1723779295485579401,Nov-13,42,,,323,SAYSOJO MY BABIES
@wylieesofia,https://twitter.com/wylieesofia/status/1723776768673280427,Nov-13,33,,,352,they were such babies back then
@wylieesofia,https://twitter.com/wylieesofia/status/1723775883016573097,Nov-13,2,10,154,1.4K,MY BABIES
@wylieesofia,https://twitter.com/wylieesofia/status/1723775438651072995,Nov-13,4,47,,838,sofia might post her photo dump today i’m gonna cry
@wylieesofia,https://twitter.com/wylieesofia/status/1723775280857141730,Nov-13,3,42,,427,MY PEOPLE IM GONNA CRYY
@wylieesofia,https://twitter.com/wylieesofia/status/1723772550566588660,Nov-13,36,,,317,SO ADORABLE
@wylieesofia,https://twitter.com/wylieesofia/status/1723771361712120004,Nov-13,2,40,,491,THIS IS ADORABLE
@wylieesofia,https://twitter.com/wylieesofia/status/1723759431677038803,Nov-12,30,,,348,my goofy girl
@wylieesofia,https://twitter.com/wylieesofia/status/1723758987676467230,Nov-12,2,13,119,1.2K,they were so tiny i’m gonna cry
@wylieesofia,https://twitter.com/wylieesofia/status/1723758593336398183,Nov-12,1,40,,426,FAMILYY
@wylieesofia,https://twitter.com/wylieesofia/status/1723638284482449668,Nov-12,2,1,92,1.1K,not the oh again
@wylieesofia,https://twitter.com/wylieesofia/status/1723637856168554787,Nov-12,2,,,211,they’re so cute
@wylieesofia,https://twitter.com/wylieesofia/status/1723771361712120004,Nov-13,2,40,,491,THIS IS ADORABLE
@wylieesofia,https://twitter.com/wylieesofia/status/1723636163196391738,Nov-12,2,6,76,1.1K,THIS IS SO UNSERIOUS LIKE WHAT ARE THEY EVEN DOING
@wylieesofia,https://twitter.com/wylieesofia/status/1723637856168554787,Nov-12,2,,,211,they’re so cute
@wylieesofia,https://twitter.com/wylieesofia/status/1723636163196391738,Nov-12,2,6,76,1.1K,THIS IS SO UNSERIOUS LIKE WHAT ARE THEY EVEN DOING
@wylieesofia,https://twitter.com/wylieesofia/status/1723622173019955390,Nov-12,3,2,65,1K,matt in the background i’m crying
@wylieesofia,https://twitter.com/wylieesofia/status/1723599479306125399,Nov-12,19,,,543,SOFIA ACTIVE ERA
@wylieesofia,https://twitter.com/wylieesofia/status/1723598846599577666,Nov-12,1,3,14,1.5K,"no cheating, what’s the first 4 pictures of your pinterest homepage?"
@wylieesofia,https://twitter.com/wylieesofia/status/1723598299314143419,Nov-12,1,33,,380,my queens
@wylieesofia,https://twitter.com/wylieesofia/status/1723598154568790442,Nov-12,10,,,235,STOP IM OBSESSED
@wylieesofia,https://twitter.com/wylieesofia/status/1723622173019955390,Nov-12,3,2,65,1K,matt in the background i’m crying
@wylieesofia,https://twitter.com/wylieesofia/status/1723598154568790442,Nov-12,10,,,235,STOP IM OBSESSED
@wylieesofia,https://twitter.com/wylieesofia/status/1723597952432607364,Nov-12,1,39,,414,GOODMORNING TO ME
@wylieesofia,https://twitter.com/wylieesofia/status/1723468922639270125,Nov-12,4,1,38,1K,goodnight <3 sorry for being inactive today i just had a bad day so i wasn’t in the mood
@wylieesofia,https://twitter.com/wylieesofia/status/1723468239299031299,Nov-12,9,10,,1.6K,"emily 
ana 
tay 
anne 
lara 
michelle 
ser 
isha 
liza 
mel 
alaina 
georgia 
jack 
eve 
el
dee"
@wylieesofia,https://twitter.com/wylieesofia/status/1723434619620487623,Nov-12,12,81,,1.1K,no one does it like her
@wylieesofia,https://twitter.com/wylieesofia/status/1723598154568790442,Nov-12,10,,,235,STOP IM OBSESSED
@wylieesofia,https://twitter.com/wylieesofia/status/1723597952432607364,Nov-12,1,39,,414,GOODMORNING TO ME
@wylieesofia,https://twitter.com/wylieesofia/status/1723468922639270125,Nov-12,4,1,38,1K,goodnight <3 sorry for being inactive today i just had a bad day so i wasn’t in the mood
@wylieesofia,https://twitter.com/wylieesofia/status/1723434211716071524,Nov-12,1,17,,331,STAR
@wylieesofia,https://twitter.com/wylieesofia/status/1723430617533001916,Nov-12,1,55,225,5.4K,
@wylieesofia,https://twitter.com/wylieesofia/status/1723382533537022291,Nov-11,24,133,,1.8K,my favorite girl <3
@Wyliesdestiny,https://twitter.com/Wyliesdestiny/status/1723345863970353363,Nov-11,61,313,,12K,Sofia is Sofia. She's not the “Black Olivia Rodrigo” she's not “The next Zendaya” she's not an “Alicia Keys look-alike” she's Sofia. Please keep that in mind.
@wylieesofia,https://twitter.com/wylieesofia/status/1723371400663118040,Nov-11,2,1,22,716,they mean everything to me like you don’t get it they’re so excellent i could talk about this scene for hours
@wylieesofia,https://twitter.com/wylieesofia/status/1723430617533001916,Nov-12,1,55,225,5.4K,
@wylieesofia,https://twitter.com/wylieesofia/status/1723382533537022291,Nov-11,24,133,,1.8K,my favorite girl <3
@wylieesofia,https://twitter.com/wylieesofia/status/1723270058112102739,Nov-11,1,5,57,838,goodmorning <3
@kazzlesupremacy,https://twitter.com/kazzlesupremacy/status/1723129677374452034,Nov-11,22,48,135,5.8K,: cinnamon girl
@fruityfina_8907,https://twitter.com/fruityfina_8907/status/1723171362427347103,Nov-11,10,71,328,9.7K,"""we stayed up til 3 am working on that. not a big deal. my idea."" - ricky

rina week prompt 6 - domestic"
@wylieesofia,https://twitter.com/wylieesofia/status/1723115874788184077,Nov-11,3,9,166,2.1K,goodnight <3 if sofia posts her photo dump while i’m asleep i will seriously jump off something high
@wylieesofia,https://twitter.com/wylieesofia/status/1723109098994929894,Nov-11,19,,,654,STOP THAT IS SO CUTE
@wylieesofia,https://twitter.com/wylieesofia/status/1723100051633787227,Nov-11,1,32,,598,i’m obsessed with this duo
@wylieesofia,https://twitter.com/wylieesofia/status/1723100051633787227,Nov-11,1,32,,598,i’m obsessed with this duo
@wylieesofia,https://twitter.com/wylieesofia/status/1723088530962788829,Nov-11,6,114,,1.2K,they’re both so cute
@wylieesofia,https://twitter.com/wylieesofia/status/1723087795105772022,Nov-11,1,43,,577,JOSHYY BABY
@wylieesofia,https://twitter.com/wylieesofia/status/1723086421248888914,Nov-11,12,,,313,try not to say family challenge failed
@wylieesofia,https://twitter.com/wylieesofia/status/1723085690462666831,Nov-11,5,50,,645,STOP IM OBSESSED WITH THEM
@wylieesofia,https://twitter.com/wylieesofia/status/1723085480550404472,Nov-11,1,30,,451,cuties!
@wylieesofia,https://twitter.com/wylieesofia/status/1723085301176738055,Nov-11,21,,,283,FAMILYY
@wylieesofia,https://twitter.com/wylieesofia/status/1723047846297940347,Nov-11,1,,?utm_campaign=postshare_creator,436,huh?
@wylieesofia,https://twitter.com/wylieesofia/status/1723008001655644273,Nov-10,6,,,413,i love her
@wylieesofia,https://twitter.com/wylieesofia/status/1723086421248888914,Nov-11,12,,,313,try not to say family challenge failed
@wylieesofia,https://twitter.com/wylieesofia/status/1723005641533374907,Nov-10,14,,,515,she’s so sweet
@wylieesofia,https://twitter.com/wylieesofia/status/1723085301176738055,Nov-11,21,,,283,FAMILYY
@wylieesofia,https://twitter.com/wylieesofia/status/1723005462809899286,Nov-10,29,,,410,JULIAA
@wylieesofia,https://twitter.com/wylieesofia/status/1722967309747159425,Nov-10,17,,,294,i could talk about her face card for decades
@wylieesofia,https://twitter.com/wylieesofia/status/1722966814420804061,Nov-10,1,1,8,637,it’s over for me &
@wylieesofia,https://twitter.com/wylieesofia/status/1722964196332110157,Nov-10,31,,,1K,this is definitely fake but i would love to see him as flynn ryder
@wylieesofia,https://twitter.com/wylieesofia/status/1722961272671445384,Nov-10,2,9,74,1K,real music
@wylieesofia,https://twitter.com/wylieesofia/status/1722928155617268172,Nov-10,26,195,,2.7K,sofia wylie the it girl of the century
@wylieesofia,https://twitter.com/wylieesofia/status/1722901951686312146,Nov-10,1,9,,258,this is gonna be me when sofia posts her photo dump
@wylieesofia,https://twitter.com/wylieesofia/status/1722967309747159425,Nov-10,17,,,294,i could talk about her face card for decades
@wylieesofia,https://twitter.com/wylieesofia/status/1722901951686312146,Nov-10,1,9,,258,this is gonna be me when sofia posts her photo dump
@wylieesofia,https://twitter.com/wylieesofia/status/1722901695477256545,Nov-10,6,81,,954,sofia feeding us with content so real of her
@wylieesofia,https://twitter.com/wylieesofia/status/1722897513374457938,Nov-10,2,9,77,1.2K,have you watched this today?
@wylieesofia,https://twitter.com/wylieesofia/status/1722877912703975921,Nov-10,4,46,,604,they ate. also sofia looks SO BEAUTIFUL LIKE OH MY GODD
@wylieesofia,https://twitter.com/wylieesofia/status/1722877353049698411,Nov-10,14,,,272,"it’s over for me guys, it was nice knowing y’all"
@wylieesofia,https://twitter.com/wylieesofia/status/1722876128312938978,Nov-10,1,1,23,361,HELLOOO
@wylieesofia,https://twitter.com/wylieesofia/status/1722901951686312146,Nov-10,1,9,,258,this is gonna be me when sofia posts her photo dump
@wylieesofia,https://twitter.com/wylieesofia/status/1722897513374457938,Nov-10,2,9,77,1.2K,have you watched this today?
@wylieesofia,https://twitter.com/wylieesofia/status/1722876015100174760,Nov-10,11,,,191,GOODMORNING TO ME
@wylieesofia,https://twitter.com/wylieesofia/status/1722897513374457938,Nov-10,2,9,77,1.2K,have you watched this today?
@wylieesofia,https://twitter.com/wylieesofia/status/1722877912703975921,Nov-10,4,46,,604,they ate. also sofia looks SO BEAUTIFUL LIKE OH MY GODD
@wylieesofia,https://twitter.com/wylieesofia/status/1722876015100174760,Nov-10,11,,,191,GOODMORNING TO ME
@wylieesofia,https://twitter.com/wylieesofia/status/1722769861925908824,Nov-10,7,1,70,1.2K,i’ve had an extremely crappy day and my eyes hurt from all of the crying so i think i’m gonna head to bed goodnight <3
@fruityfina_8907,https://twitter.com/fruityfina_8907/status/1722735259337519413,Nov-10,10,47,144,6.2K,rina week prompt 5 - alternate universe
@wylieesofia,https://twitter.com/wylieesofia/status/1722751237857087759,Nov-10,13,,,691,i will break down crying and i don’t know if i’ll ever stop
@wylieesofia,https://twitter.com/wylieesofia/status/1722737587180225013,Nov-10,1,3,,484,we’re literally the funniest people on earth
@wylieesofia,https://twitter.com/wylieesofia/status/1722876015100174760,Nov-10,11,,,191,GOODMORNING TO ME
@wylieesofia,https://twitter.com/wylieesofia/status/1722732349228486926,Nov-10,3,57,,536,she’s so gorgeous i’m in love
@wylieesofia,https://twitter.com/wylieesofia/status/1722727524612878469,Nov-10,1,5,118,2.5K,if she posts them now it’s over for me guys
@wylieesofia,https://twitter.com/wylieesofia/status/1722727324414517452,Nov-10,4,,,159,MY GIRLSS
@wylieesofia,https://twitter.com/wylieesofia/status/1722726920586936543,Nov-10,6,0:15,,391,she’s so princess <3
@wylieesofia,https://twitter.com/wylieesofia/status/1722726101879759275,Nov-10,1,3,39,761,when sofia posts her photo dumb it’s over for me like i will cry so hard that i can’t breathe
@wylieesofia,https://twitter.com/wylieesofia/status/1722724442348908628,Nov-10,1,20,,258,STOP THEY ATE THIS SO HARD
@wylieesofia,https://twitter.com/wylieesofia/status/1722727524612878469,Nov-10,1,5,118,2.5K,if she posts them now it’s over for me guys
@wylieesofia,https://twitter.com/wylieesofia/status/1722724442348908628,Nov-10,1,20,,258,STOP THEY ATE THIS SO HARD
@wylieesofia,https://twitter.com/wylieesofia/status/1722724318277243088,Nov-10,1,25,183,1.8K,i love hot people
@wylieesofia,https://twitter.com/wylieesofia/status/1722724140057063848,Nov-10,1,13,134,1.6K,SHUT UP HE LOOKS SO GOOD
@wylieesofia,https://twitter.com/wylieesofia/status/1722723891104055443,Nov-10,22,,,242,FAMILYYY
@wylieesofia,https://twitter.com/wylieesofia/status/1722720702321627365,Nov-10,1,3,,433,isha is the most unserious person i know
@wylieesofia,https://twitter.com/wylieesofia/status/1722724442348908628,Nov-10,1,20,,258,STOP THEY ATE THIS SO HARD
@wylieesofia,https://twitter.com/wylieesofia/status/1722717646536257906,Nov-10,23,26,,18K,trust men or be joshua bassett’s best song
@wylieesofia,https://twitter.com/wylieesofia/status/1722717361537724578,Nov-10,20,82,,2.2K,
@wylieesofia,https://twitter.com/wylieesofia/status/1722717038798319896,Nov-10,5,episode out this friday!,,473,AHHH IVE MISSED IVY & LAUREN SO MUCH LIKE U DONT UNDERSTAND. I CANT WAIT FOR THEIR S4 COVER!! THE GIRLS ARE BACKK!!
@wylieesofia,https://twitter.com/wylieesofia/status/1722717361537724578,Nov-10,20,82,,2.2K,
@wylieesofia,https://twitter.com/wylieesofia/status/1722698567490420819,Nov-10,21,,,279,FAMILYYY
@kazzlesupremacy,https://twitter.com/kazzlesupremacy/status/1722693336094347447,Nov-10,42,84,173,11K,: nobody gets me
@wylieesofia,https://twitter.com/wylieesofia/status/1722698144180277444,Nov-10,4,22,263,2.8K,SAYSO
@wylieesofia,https://twitter.com/wylieesofia/status/1722717361537724578,Nov-10,20,82,,2.2K,
@kazzlesupremacy,https://twitter.com/kazzlesupremacy/status/1722693336094347447,Nov-10,42,84,173,11K,: nobody gets me
@wylieesofia,https://twitter.com/wylieesofia/status/1722679398912987231,Nov-09,14,,,316,josh post the bts
@wylieesofia,https://twitter.com/wylieesofia/status/1722677611116015832,Nov-09,4,36,,524,i’m gonna off myself
@wylieesofia,https://twitter.com/wylieesofia/status/1722677389354844396,Nov-09,4,49,,532,i’m still here i never moved on
@wylieesofia,https://twitter.com/wylieesofia/status/1722671561692320038,Nov-09,13,131,,2.9K,this is so them
@wylieesofia,https://twitter.com/wylieesofia/status/1722646934421184668,Nov-09,1,,,288,AHH IM SO UP
@wylieesofia,https://twitter.com/wylieesofia/status/1722572948752433548,Nov-09,1,7,,600,real
@wylieesofia,https://twitter.com/wylieesofia/status/1722572748277363182,Nov-09,6,35,0:31,1.9K,qrt w a character thats literally you !
@wylieesofia,https://twitter.com/wylieesofia/status/1722571497699422438,Nov-09,3,4,,673,"would i date ?

-yes
-no
-no 
-yes
-yes
-yes
-no 
-yes 

put a"
@wylieesofia,https://twitter.com/wylieesofia/status/1722535573196271710,Nov-09,1,16,,352,U GUYS HAVE NO IDEA HOW EXCITED I AM THAT
@wylieesofia,https://twitter.com/wylieesofia/status/1722533933697450214,Nov-09,1,26,,358,GOODMORNING EVERYONE!!
@wylieesofia,https://twitter.com/wylieesofia/status/1722533071809876376,Nov-09,7,28,@wylieesofia,1.4K,omg guys i love her so much
@wylieesofia,https://twitter.com/wylieesofia/status/1722432811833971112,Nov-09,2,2,26,571,"okay, it’s almost 4am and now i’m actually going to sleep goodnight <3"
@wylieesofia,https://twitter.com/wylieesofia/status/1722419684027371568,Nov-09,2,13,,907,i lied. it’s 3am and i’m still awake
@wylieesofia,https://twitter.com/wylieesofia/status/1722418707148795960,Nov-09,5,31,198,4.8K,ej ate this DOWN
@wylieesofia,https://twitter.com/wylieesofia/status/1722414999103000910,Nov-09,14,,,392,YESSS FINALLY!!!
@wylieesofia,https://twitter.com/wylieesofia/status/1722400713391628411,Nov-09,3,1,26,1.5K,goodnight <3
@wylieesofia,https://twitter.com/wylieesofia/status/1722385406233092447,Nov-09,3,24,189,2.4K,they adore each other so much
@wylieesofia,https://twitter.com/wylieesofia/status/1722418707148795960,Nov-09,5,31,198,4.8K,ej ate this DOWN
@wylieesofia,https://twitter.com/wylieesofia/status/1722400713391628411,Nov-09,3,1,26,1.5K,goodnight <3
@rxckysgina,https://twitter.com/rxckysgina/status/1722294810835370006,Nov-08,1,114,645,10K,they were always MY troy and gabriella
@hsmseries,https://twitter.com/hsmseries/status/1722373446439477302,Nov-09,37,336,1.3K,49K,"4 years ago today, High School Musical: The Musical: The Series made its way onto"
@wylieesofia,https://twitter.com/wylieesofia/status/1722373583677046978,Nov-09,1,15,@hsmseries,825,delete this right now
@kazzlesupremacy,https://twitter.com/kazzlesupremacy/status/1722337439530824120,Nov-09,27,52,117,5.2K,: sweater weather
@wylieesofia,https://twitter.com/wylieesofia/status/1722350710958755915,Nov-09,5,,,242,
@wylieesofia,https://twitter.com/wylieesofia/status/1722335772299178045,Nov-09,1,13,94,1.2K,screaming crying throwing up
@wylieesofia,https://twitter.com/wylieesofia/status/1722332438611763593,Nov-09,15,,,300,i’m still here
@wylieesofia,https://twitter.com/wylieesofia/status/1722332323608236046,Nov-09,2,,,154,IM SO READY
@wylieesofia,https://twitter.com/wylieesofia/status/1722330495759831042,Nov-09,1,2,Show more,434,this was so cute
@wylieesofia,https://twitter.com/wylieesofia/status/1722321504933728526,Nov-09,2,SabrinaCarpenter.lnk.to/EPPresave,,214,IM UP IM UP IM UP
@wylieesofia,https://twitter.com/wylieesofia/status/1722320321653387482,Nov-08,1,,,206,MOTHER
@wylieesofia,https://twitter.com/wylieesofia/status/1722307333923950912,Nov-08,5,1,5,1.3K,20
@wylieesofia,https://twitter.com/wylieesofia/status/1722259304793907409,Nov-08,1,23,,1.4K,renee rapp is one fine woman like holy hell
@wylieesofia,https://twitter.com/wylieesofia/status/1722256846566858969,Nov-08,3,,,329,IM SO READY
@wylieesofia,https://twitter.com/wylieesofia/status/1722330495759831042,Nov-09,1,2,Show more,434,this was so cute
@wylieesofia,https://twitter.com/wylieesofia/status/1722259304793907409,Nov-08,1,23,,1.4K,renee rapp is one fine woman like holy hell
@wylieesofia,https://twitter.com/wylieesofia/status/1722202724769677672,Nov-08,1,4,46,789,i can’t do this right now
@wylieesofia,https://twitter.com/wylieesofia/status/1722201372416942267,Nov-08,25,156,,4K,him when?
@wylieesofia,https://twitter.com/wylieesofia/status/1722200146195427608,Nov-08,1,2,29,1.2K,
@wylieesofia,https://twitter.com/wylieesofia/status/1722152710961598853,Nov-08,7,32,,969,"delete, a lot of people asking you to delete, its triggering for so many people, there are people that faint and feel sick, please im begging you to delete it, delete post right now, its forbidden and iIIegal in many countries to post something like that, people are crying"
@kazzlesupremacy,https://twitter.com/kazzlesupremacy/status/1722111873816907815,Nov-08,11,46,128,5.3K,: yellow
@wylieesofia,https://twitter.com/wylieesofia/status/1722202724769677672,Nov-08,1,4,46,789,i can’t do this right now
@wylieesofia,https://twitter.com/wylieesofia/status/1722200146195427608,Nov-08,1,2,29,1.2K,
@kazzlesupremacy,https://twitter.com/kazzlesupremacy/status/1722040825595539631,Nov-08,14,51,163,5.8K,: put your records on
@wylieesofia,https://twitter.com/wylieesofia/status/1722151897547546914,Nov-08,6,2,58,1K,goodmorning <3
@wylieesofia,https://twitter.com/wylieesofia/status/1722200146195427608,Nov-08,1,2,29,1.2K,
@kazzlesupremacy,https://twitter.com/kazzlesupremacy/status/1722111873816907815,Nov-08,11,46,128,5.3K,: yellow
@kazzlesupremacy,https://twitter.com/kazzlesupremacy/status/1722039321153216771,Nov-08,21,59,139,5.6K,: jealous boy
@kazzlesupremacy,https://twitter.com/kazzlesupremacy/status/1722111873816907815,Nov-08,11,46,128,5.3K,: yellow
@kazzlesupremacy,https://twitter.com/kazzlesupremacy/status/1722040825595539631,Nov-08,14,51,163,5.8K,: put your records on
@wylieesofia,https://twitter.com/wylieesofia/status/1722027856627167600,Nov-08,3,1,72,1.1K,goodnight <3
·,https://twitter.com/wylieesofia/status/1721529273314353164,Nov-06,,,,,
@kazzlesupremacy,https://twitter.com/kazzlesupremacy/status/1722040825595539631,Nov-08,14,51,163,5.8K,: put your records on
@kazzlesupremacy,https://twitter.com/kazzlesupremacy/status/1722039321153216771,Nov-08,21,59,139,5.6K,: jealous boy
,,,,,,,
·,https://twitter.com/wylieesofia/status/1721638950618431617,Nov-07,fio,,,,
@wylieesofia,https://twitter.com/wylieesofia/status/1722025602209763388,Nov-08,2,,,104,they mean everything to me
·,https://twitter.com/wylieesofia/status/1721638950618431617,Nov-07,fio,0:01 / 0:55,,,
@wylieesofia,https://twitter.com/wylieesofia/status/1722021327492526216,Nov-08,2,6,,824,and you do? seriously isha?
@sofiawyie,https://twitter.com/sofiawyie/status/1721710549052850365,Nov-07,5,30,305,7.8K,
@wylieesofia,https://twitter.com/wylieesofia/status/1722012410674831853,Nov-08,1,12,,572,i’m not okay and i think i’m never gonna be after this
@wylieesofia,https://twitter.com/wylieesofia/status/1722008436924129541,Nov-08,1,,,162,HAPPY BIRTHDAY
@wylieesofia,https://twitter.com/wylieesofia/status/1721992592764620943,Nov-08,15,”,,612,little sis
@wylieesofia,https://twitter.com/wylieesofia/status/1721988047690932277,Nov-08,3,,,217,her voice i’m in love
@wylieesofia,https://twitter.com/wylieesofia/status/1722012410674831853,Nov-08,1,12,,572,i’m not okay and i think i’m never gonna be after this
@wylieesofia,https://twitter.com/wylieesofia/status/1722008436924129541,Nov-08,1,,,162,HAPPY BIRTHDAY
@wylieesofia,https://twitter.com/wylieesofia/status/1721986073776075019,Nov-08,1,1,16,933,HAPPY BIRTHDAY
@wylieesofia,https://twitter.com/wylieesofia/status/1721988047690932277,Nov-08,3,,,217,her voice i’m in love
@wylieesofia,https://twitter.com/wylieesofia/status/1721986073776075019,Nov-08,1,1,16,933,HAPPY BIRTHDAY
@wylieesofia,https://twitter.com/wylieesofia/status/1721985659735245014,Nov-08,21,,,411,IVE MISSED HIM SO MUCH MY BABY BOY
@lielielyles,https://twitter.com/lielielyles/status/1721668902579548515,Nov-07,6,7,46,1.9K,: leave me alone
@wylieesofia,https://twitter.com/wylieesofia/status/1721862649611264158,Nov-07,1,5,,369,"so i did private twitter account (finally) so if y’all wanna see me complain about my life and spam other shit, go follow"
@wylieesofia,https://twitter.com/wylieesofia/status/1721855026660786401,Nov-07,5,,0:01,454,
@wylieesofia,https://twitter.com/wylieesofia/status/1721816837271253058,Nov-07,1,24,,452,FAMILYY
@wylieesofia,https://twitter.com/wylieesofia/status/1721811660829024292,Nov-07,14,,,279,stop
@lielielyles,https://twitter.com/lielielyles/status/1721668902579548515,Nov-07,6,7,46,1.9K,: leave me alone
@wylieesofia,https://twitter.com/wylieesofia/status/1721855026660786401,Nov-07,5,,0:01,454,
@wylieesofia,https://twitter.com/wylieesofia/status/1721810932941083054,Nov-07,8,92,,1.1K,they’re the cutest
@wylieesofia,https://twitter.com/wylieesofia/status/1721810625830035469,Nov-07,5,56,,972,i love them so bad
@wylieesofia,https://twitter.com/wylieesofia/status/1721808634953269281,Nov-07,4,1,30,697,goodmorning <3
@wylieesofia,https://twitter.com/wylieesofia/status/1721855026660786401,Nov-07,5,,0:01,454,
@wylieesofia,https://twitter.com/wylieesofia/status/1721664011299590425,Nov-07,2,43,,834,goodnight i’m gonna try to get some sleep now if i can <3
@wylieesofia,https://twitter.com/wylieesofia/status/1721660243766096152,Nov-07,3,,,253,"i’m hungry and it’s like almost 1am and if i go eat now, it means i have to brush my teeth again before going to sleep so i can’t eat"
@wylieesofia,https://twitter.com/wylieesofia/status/1721658463476932799,Nov-07,15,,,330,josh and jenna needs to release this song already i can’t wait any longer!!
@wylieesofia,https://twitter.com/wylieesofia/status/1721664011299590425,Nov-07,2,43,,834,goodnight i’m gonna try to get some sleep now if i can <3
@wylieesofia,https://twitter.com/wylieesofia/status/1721658463476932799,Nov-07,15,,,330,josh and jenna needs to release this song already i can’t wait any longer!!
@wylieesofia,https://twitter.com/wylieesofia/status/1721657634892185821,Nov-07,33,1,71,5.1K,eating a burger
@wylieesofia,https://twitter.com/wylieesofia/status/1721655299298251045,Nov-07,,,,368,everyone go follow emily right now or i’m under ur bed
@wylieesofia,https://twitter.com/wylieesofia/status/1721654121550283043,Nov-07,1,1,,434,the sweetest person and always there for me. i love u so much dee.
@wylieesofia,https://twitter.com/wylieesofia/status/1721653383071666534,Nov-07,1,2,,584,"my fellow puppy love kiss truther and one of my absolutely favorite people on earth. isha just always gets me. she is also so incredibly sweet like how can someone be so kind? i love u very much isha, i hope ur bday has been amazing so far and continues to be amazing!!"
@wylieesofia,https://twitter.com/wylieesofia/status/1721555730816237913,Nov-06,1,1,@wylieesofia,154,i need their s3 endgame
@wylieesofia,https://twitter.com/wylieesofia/status/1721638737870745877,Nov-07,20,,,452,she’s the sweetest person ever
@wylieesofia,https://twitter.com/wylieesofia/status/1721625193049682151,Nov-07,28,137,,2.4K,wish i could watch this for the first time again
·,https://twitter.com/wylieesofia/status/1721558469407318519,Nov-06,,,,,
@wylieesofia,https://twitter.com/wylieesofia/status/1721555730816237913,Nov-06,1,1,@wylieesofia,154,i need their s3 endgame
,,,,,,,
·,https://twitter.com/wylieesofia/status/1721592315003736468,Nov-06,Sign of the Times,Harry Styles · Song · 2017,,,
@wylieesofia,https://twitter.com/wylieesofia/status/1721622761112567996,Nov-07,1,1,,188,
@wylieesofia,https://twitter.com/wylieesofia/status/1721609238307356691,Nov-07,3,33,195,4.9K,HE LOVES HER SO MUCH
@wylieesofia,https://twitter.com/wylieesofia/status/1721555730816237913,Nov-06,1,1,@wylieesofia,154,i need their s3 endgame
@wylieesofia,https://twitter.com/wylieesofia/status/1721625193049682151,Nov-07,28,137,,2.4K,wish i could watch this for the first time again
@wylieesofia,https://twitter.com/wylieesofia/status/1721595614415196606,Nov-06,1,2,,221,I NEED TO KNOW IF ITS REAL OR NOT
@wylieesofia,https://twitter.com/wylieesofia/status/1721593803608305901,Nov-06,2,11,,394,IM GONNA CRY
@wylieesofia,https://twitter.com/wylieesofia/status/1721625193049682151,Nov-07,28,137,,2.4K,wish i could watch this for the first time again
@wylieesofia,https://twitter.com/wylieesofia/status/1721593423038120276,Nov-06,5,,,356,KING
@wylieesofia,https://twitter.com/wylieesofia/status/1721593042732187935,Nov-06,2,,,432,ANA X JOSH SOON (hopefully)
@wylieesofia,https://twitter.com/wylieesofia/status/1721593042732187935,Nov-06,2,,,432,ANA X JOSH SOON (hopefully)
@wylieesofia,https://twitter.com/wylieesofia/status/1721592574824370441,Nov-06,9,56,,1K,JB1 THIS MONTH
@wylieesofia,https://twitter.com/wylieesofia/status/1721579469163397170,Nov-06,1,1,@wylieesofia,85,
@wylieesofia,https://twitter.com/wylieesofia/status/1721578629107183875,Nov-06,4,3,,1.5K,pls someone
@wylieesofia,https://twitter.com/wylieesofia/status/1721561503172571404,Nov-06,12,89,,1.1K,they’re soulmates
@wylieesofia,https://twitter.com/wylieesofia/status/1721592574824370441,Nov-06,9,56,,1K,JB1 THIS MONTH
@kazzlesupremacy,https://twitter.com/kazzlesupremacy/status/1721558856365392310,Nov-06,33,69,152,9.3K,: je te laisserai de mots
@wylieesofia,https://twitter.com/wylieesofia/status/1721532896228376882,Nov-06,1,1,@wylieesofia,94,my babies
@wylieesofia,https://twitter.com/wylieesofia/status/1721592574824370441,Nov-06,9,56,,1K,JB1 THIS MONTH
@wylieesofia,https://twitter.com/wylieesofia/status/1721561503172571404,Nov-06,12,89,,1.1K,they’re soulmates
@wylieesofia,https://twitter.com/wylieesofia/status/1721554783302041672,Nov-06,2,10,92,1.5K,"i would stay forever if you say, ""don't go"""
@wylieesofia,https://twitter.com/wylieesofia/status/1721533274588074483,Nov-06,1,,,127,NEW TATE ALBUM IM SO EXCITED
@wylieesofia,https://twitter.com/wylieesofia/status/1721561503172571404,Nov-06,12,89,,1.1K,they’re soulmates
@wylieesofia,https://twitter.com/wylieesofia/status/1721532896228376882,Nov-06,1,1,@wylieesofia,94,my babies
@wylieesofia,https://twitter.com/wylieesofia/status/1721533274588074483,Nov-06,1,,,127,NEW TATE ALBUM IM SO EXCITED
@safeforbassett,https://twitter.com/safeforbassett/status/1721309101660033067,Nov-06,1,26,200,2.9K,
@wylieesofia,https://twitter.com/wylieesofia/status/1721528052616667461,Nov-06,16,127,,2.5K,
@wylieesofia,https://twitter.com/wylieesofia/status/1721528052616667461,Nov-06,16,127,,2.5K,
@wylieesofia,https://twitter.com/wylieesofia/status/1721496875675627586,Nov-06,1,4,20,596,i miss him so much
@wylieesofia,https://twitter.com/wylieesofia/status/1721484863084085342,Nov-06,1,23,163,1.7K,wdym this is real and not just a product of my imagination??
@wylieesofia,https://twitter.com/wylieesofia/status/1721484334429855849,Nov-06,23,,,398,i hope my next breath is my last
@wylieesofia,https://twitter.com/wylieesofia/status/1721496875675627586,Nov-06,1,4,20,596,i miss him so much
@wylieesofia,https://twitter.com/wylieesofia/status/1721480610382741977,Nov-06,20,103,,3.9K,this is all of us rn
@kazzlesupremacy,https://twitter.com/kazzlesupremacy/status/1721392098702746011,Nov-06,9,46,115,5.4K,: heaven
@rinasnonsense,https://twitter.com/rinasnonsense/status/1721382317564870958,Nov-06,1,10,104,1.4K,no one touch me.
@wylieesofia,https://twitter.com/wylieesofia/status/1721430687935344719,Nov-06,3,,Show more,364,i’m sobbing
@wylieesofia,https://twitter.com/wylieesofia/status/1721430527406739647,Nov-06,2,14,,530,GOODMORNING ITS ISHA DAYYY!!
@wylieesofia,https://twitter.com/wylieesofia/status/1721430223856554325,Nov-06,1,2,11,851,HAPPY BIRTHDAY TO MY SWEET ISHA
@wylieesofia,https://twitter.com/wylieesofia/status/1721320960962289884,Nov-06,3,15,,475,"it’s like 2am here and i’m really tired so i should really head to bed, goodnight y’all <3"
@wylieesofia,https://twitter.com/wylieesofia/status/1721319946498502806,Nov-06,9,38,,623,"she loves mabel so much, like that’s her baby"
@wylieesofia,https://twitter.com/wylieesofia/status/1721316014174953944,Nov-06,8,,,247,she’s so unserious for this
@wylieesofia,https://twitter.com/wylieesofia/status/1721314541395411283,Nov-06,2,68,,823,she’s the best dog mommy ever
@wylieesofia,https://twitter.com/wylieesofia/status/1721430223856554325,Nov-06,1,2,11,851,HAPPY BIRTHDAY TO MY SWEET ISHA
@wylieesofia,https://twitter.com/wylieesofia/status/1721314541395411283,Nov-06,2,68,,823,she’s the best dog mommy ever
@wylieesofia,https://twitter.com/wylieesofia/status/1721314125676970100,Nov-06,4,,,167,i am obsessed with her shirt like it’s so cute
@wylieesofia,https://twitter.com/wylieesofia/status/1721313669919764597,Nov-06,1,17,,448,josh now is ur turn
@wylieesofia,https://twitter.com/wylieesofia/status/1721313311592010149,Nov-06,1,36,,489,I MISSED HER SO MUCH LIKE U DONT GET IT
@wylieesofia,https://twitter.com/wylieesofia/status/1721311968701608007,Nov-06,1,2,,210,princess came home i had to
@wylieesofia,https://twitter.com/wylieesofia/status/1721313669919764597,Nov-06,1,17,,448,josh now is ur turn
@rinasluvvr,https://twitter.com/rinasluvvr/status/1721310646292160788,Nov-06,18,60,150,5.8K,: Day 1- Secret Makeouts
@wylieesofia,https://twitter.com/wylieesofia/status/1721310800579571818,Nov-06,2,31,,424,SOFIAAA MY PRINCESS
@wylieesofia,https://twitter.com/wylieesofia/status/1721309892177211707,Nov-06,1,2,,301,in my defense liza is the one who said josh and darren are tethered so who is the one to blame here? i just showed some proof
@wylieesofia,https://twitter.com/wylieesofia/status/1721307180328964513,Nov-06,4,4,,3.1K,trust men or be the best fictional character
@wylieesofia,https://twitter.com/wylieesofia/status/1721306783585558858,Nov-06,5,59,,4.3K,"when you open pinterest, what are the first four photos that show up?"
@wylieesofia,https://twitter.com/wylieesofia/status/1721303303454101991,Nov-06,1,11,,637,
@wylieesofia,https://twitter.com/wylieesofia/status/1721303136453710328,Nov-06,3,24,,393,i’m still here
@wylieesofia,https://twitter.com/wylieesofia/status/1721302210204586168,Nov-06,2,read image description,ALT,204,get him back and love is embarrassing
@wylieesofia,https://twitter.com/wylieesofia/status/1721301014400090144,Nov-06,6,,,127,so cute
@rinasbsst,https://twitter.com/rinasbsst/status/1721298998298870184,Nov-06,5,31,86,2.6K,: so kiss me
@wylieesofia,https://twitter.com/wylieesofia/status/1721300898922541249,Nov-06,2,5,Show more,721,samira is so not prepared for what’s gonna happen next
@wylieesofia,https://twitter.com/wylieesofia/status/1721299031979094483,Nov-06,1,5,47,898,so i don’t know how to make edits or write fics so here is 4 of my favorite rina kisses for day one of rina week ur welcome
@wylieesofia,https://twitter.com/wylieesofia/status/1721295948662345903,Nov-06,2,2,112,1.4K,THE HANDS IM GONNA OFF MYSELF
@wylieesofia,https://twitter.com/wylieesofia/status/1721295685473976330,Nov-06,3,,,282,
@wylieesofia,https://twitter.com/wylieesofia/status/1721295292866134521,Nov-06,8,59,,830,THIS IS SO CUTE
@wylieesofia,https://twitter.com/wylieesofia/status/1721295023902249249,Nov-06,3,,,365,"joshua bassett wrote doppelgänger and all in due time for me and me only. i don’t care if it’s your favorite, it is mine. i am the only one that has the right to claim it. ignore listening to it. if it comes on shuffle, close your ears. it’s final."
@wylieesofia,https://twitter.com/wylieesofia/status/1721292528597528703,Nov-06,5,,,283,SHUT UP THIS IS SO CUTE
@wylieesofia,https://twitter.com/wylieesofia/status/1721291550045376850,Nov-06,,(1/2),Show more,224,THIS WAS EVERYTHING
@wylieesofia,https://twitter.com/wylieesofia/status/1721290584738897959,Nov-06,1,1,Show more,397,this was so cute
@wylieesofia,https://twitter.com/wylieesofia/status/1721290122237231179,Nov-06,3,,,195,THIS IS SO ADORABLE
@wylieesofia,https://twitter.com/wylieesofia/status/1721290584738897959,Nov-06,1,1,Show more,397,this was so cute
@limbobassett,https://twitter.com/limbobassett/status/1721277936517677460,Nov-06,19,33,111,3.4K,: secret makeouts
@wylieesofia,https://twitter.com/wylieesofia/status/1721274985661051179,Nov-06,1,1,9,662,THIS WAS SO CUTE
@wylieesofia,https://twitter.com/wylieesofia/status/1721264358624198959,Nov-06,1,2,,370,KAYLEE MET SAYLOR NO WAY!?!?
@wylieesofia,https://twitter.com/wylieesofia/status/1721255738813681853,Nov-06,2,14,111,1.6K,SHE LOVES HIM SO MUCH
@wylieesofia,https://twitter.com/wylieesofia/status/1721239380638003509,Nov-06,4,1,17,613,ISHA DAY TOMORROW AHH!!
@wylieesofia,https://twitter.com/wylieesofia/status/1721230077625581843,Nov-05,11,126,,1.2K,THEYRE SO SICK
@wylieesofia,https://twitter.com/wylieesofia/status/1721222955617710458,Nov-05,41,,,550,THIS IS SO CUTE
@limbobassett,https://twitter.com/limbobassett/status/1721277936517677460,Nov-06,19,33,111,3.4K,: secret makeouts
@kazzlesupremacy,https://twitter.com/kazzlesupremacy/status/1721220578177155132,Nov-05,34,62,129,6K,: like i want you
@wylieesofia,https://twitter.com/wylieesofia/status/1721230077625581843,Nov-05,11,126,,1.2K,THEYRE SO SICK
@kazzlesupremacy,https://twitter.com/kazzlesupremacy/status/1721220578177155132,Nov-05,34,62,129,6K,: like i want you
@wylieesofia,https://twitter.com/wylieesofia/status/1721156524444197060,Nov-05,1,1,14,859,
@wylieesofia,https://twitter.com/wylieesofia/status/1721122980468523300,Nov-05,13,,,623,i love them sm
@wylieesofia,https://twitter.com/wylieesofia/status/1721111674629881998,Nov-05,1,4,70,1K,RINA WEEK STARTS TODAY WHOS EXCITED
@wylieesofia,https://twitter.com/wylieesofia/status/1721096441169318008,Nov-05,2,26,,627,goodmorning <3
@wylieesofia,https://twitter.com/wylieesofia/status/1720928601158164846,Nov-05,56,,,845,i love women
@wylieesofia,https://twitter.com/wylieesofia/status/1721111674629881998,Nov-05,1,4,70,1K,RINA WEEK STARTS TODAY WHOS EXCITED
@wylieesofia,https://twitter.com/wylieesofia/status/1720928601158164846,Nov-05,56,,,845,i love women
@wylieesofia,https://twitter.com/wylieesofia/status/1720924423136428319,Nov-05,4,46,,1K,goodnight <3 sorry for being so inactive today i just wasn’t in the mood i guess
@wylieesofia,https://twitter.com/wylieesofia/status/1720915811462713526,Nov-05,1,,,449,expose yourself
@wylieesofia,https://twitter.com/wylieesofia/status/1720914809426714737,Nov-05,6,114,,1.3K,jumping off a cliff
@wylieesofia,https://twitter.com/wylieesofia/status/1720928601158164846,Nov-05,56,,,845,i love women
@wylieesofia,https://twitter.com/wylieesofia/status/1720924423136428319,Nov-05,4,46,,1K,goodnight <3 sorry for being so inactive today i just wasn’t in the mood i guess
@wylieesofia,https://twitter.com/wylieesofia/status/1720914809426714737,Nov-05,6,114,,1.3K,jumping off a cliff
@wylieesofia,https://twitter.com/wylieesofia/status/1720902747195576545,Nov-05,5,11,97,4K,dinner is ready rina
@wylieesofia,https://twitter.com/wylieesofia/status/1720900857221276026,Nov-05,33,,,1K,she looks so good
@wylieesofia,https://twitter.com/wylieesofia/status/1720899910403285386,Nov-05,39,,,541,"sofia moved, josh now is ur turn."
@wylieesofia,https://twitter.com/wylieesofia/status/1720898994514108514,Nov-05,38,,,944,her mom is so real
@wylieesofia,https://twitter.com/wylieesofia/status/1720898834870526112,Nov-05,3,48,,784,this trio >>>
@wylieesofia,https://twitter.com/wylieesofia/status/1720914809426714737,Nov-05,6,114,,1.3K,jumping off a cliff
@wylieesofia,https://twitter.com/wylieesofia/status/1720898994514108514,Nov-05,38,,,944,her mom is so real
@wylieesofia,https://twitter.com/wylieesofia/status/1720834838385610924,Nov-04,20,,,848,she’s so good
@safeforbassett,https://twitter.com/safeforbassett/status/1720468147868692966,Nov-03,1,37,239,5.7K,
@wylieesofia,https://twitter.com/wylieesofia/status/1720699800486596746,Nov-04,2,42,,818,goodmorning <3
@wylieesofia,https://twitter.com/wylieesofia/status/1720898994514108514,Nov-05,38,,,944,her mom is so real
@wylieesofia,https://twitter.com/wylieesofia/status/1720834838385610924,Nov-04,20,,,848,she’s so good
@wylieesofia,https://twitter.com/wylieesofia/status/1720584221901586761,Nov-04,4,63,0:08,2.2K,what is your user based on
@wylieesofia,https://twitter.com/wylieesofia/status/1720834838385610924,Nov-04,20,,,848,she’s so good
@wylieesofia,https://twitter.com/wylieesofia/status/1720583509033582599,Nov-04,5,57,,923,goodnight <3
@ihrtguts,https://twitter.com/ihrtguts/status/1720580175036129339,Nov-04,2,20,Olivia Rodrigo,557,do u get deja vu?
@wylieesofia,https://twitter.com/wylieesofia/status/1720584221901586761,Nov-04,4,63,0:08,2.2K,what is your user based on
@wylieesofia,https://twitter.com/wylieesofia/status/1720579453917573334,Nov-04,2,2,2,1K,ted and robin getting back together at the end of how i met your mother like what was the reason??
@wylieesofia,https://twitter.com/wylieesofia/status/1720573510974648638,Nov-04,5,open.spotify.com/track/0vJBL4Dx,9aVFsHSqdApU3H?si=2645f4884d934db9,380,DESERVED
@wylieesofia,https://twitter.com/wylieesofia/status/1720537335463362895,Nov-04,5,,,548,time for bed you aren’t a maybe you’re a yes
@wylieesofia,https://twitter.com/wylieesofia/status/1720584221901586761,Nov-04,4,63,0:08,2.2K,what is your user based on
@wylieesofia,https://twitter.com/wylieesofia/status/1720583509033582599,Nov-04,5,57,,923,goodnight <3
@wylieesofia,https://twitter.com/wylieesofia/status/1720529724475052280,Nov-04,4,2,6,1.5K,what tweet is ur roman empire?
@wylieesofia,https://twitter.com/wylieesofia/status/1720523283802599562,Nov-04,2,24,,1.8K,IM CRYING
@wylieesofia,https://twitter.com/wylieesofia/status/1720509331437670582,Nov-04,14,129,,1.5K,MY GIRL IS GLOWING
@heybassett,https://twitter.com/heybassett/status/1720496122286739952,Nov-03,10,41,500,11K,joshua bassett is the definition of “right place right time” THAT IS WILD
@wylieesofia,https://twitter.com/wylieesofia/status/1720505403090383318,Nov-03,1,7,94,1.4K,ricky when gina
@wylieesofia,https://twitter.com/wylieesofia/status/1720501424264446382,Nov-03,3,41,@hsmseries,1.5K,it’s over
@wylieesofia,https://twitter.com/wylieesofia/status/1720485103829242299,Nov-03,5,9,,893,stolen from tl! pls someone i’m so bored
@wylieesofia,https://twitter.com/wylieesofia/status/1720509331437670582,Nov-04,14,129,,1.5K,MY GIRL IS GLOWING
@wylieesofia,https://twitter.com/wylieesofia/status/1720476271371583743,Nov-03,9,98,,1.3K,paper snatch scene you will always be loved by me
@wylieesofia,https://twitter.com/wylieesofia/status/1720475659795943928,Nov-03,3,,,319,my everything
@wylieesofia,https://twitter.com/wylieesofia/status/1720509331437670582,Nov-04,14,129,,1.5K,MY GIRL IS GLOWING
@wylieesofia,https://twitter.com/wylieesofia/status/1720501424264446382,Nov-03,3,41,@hsmseries,1.5K,it’s over
@wylieesofia,https://twitter.com/wylieesofia/status/1720456314478841971,Nov-03,50,269,,8.4K,they weren’t even together
@wylieesofia,https://twitter.com/wylieesofia/status/1720454508042461268,Nov-03,3,65,,1.2K,they’re so tethered
@wylieesofia,https://twitter.com/wylieesofia/status/1720501424264446382,Nov-03,3,41,@hsmseries,1.5K,it’s over
@wylieesofia,https://twitter.com/wylieesofia/status/1720476271371583743,Nov-03,9,98,,1.3K,paper snatch scene you will always be loved by me
@wylieesofia,https://twitter.com/wylieesofia/status/1720449456703705329,Nov-03,1,,Show more,354,they raised me
@wylieesofia,https://twitter.com/wylieesofia/status/1720476271371583743,Nov-03,9,98,,1.3K,paper snatch scene you will always be loved by me
@wylieesofia,https://twitter.com/wylieesofia/status/1720447693267390776,Nov-03,6,,,264,"“it was coming from a real place, locally sourced.” corey is so"
@wylieesofia,https://twitter.com/wylieesofia/status/1720446822290731301,Nov-03,19,136,,2.7K,no one loves this scene more than i do
@wylieesofia,https://twitter.com/wylieesofia/status/1720391587329376412,Nov-03,8,70,,1.8K,
@wylieesofia,https://twitter.com/wylieesofia/status/1720449456703705329,Nov-03,1,,Show more,354,they raised me
@wylieesofia,https://twitter.com/wylieesofia/status/1720390538149429403,Nov-03,1,10,153,1.8K,i’m obsessed with the way she touches his chin
@wylieesofia,https://twitter.com/wylieesofia/status/1720388287204827593,Nov-03,6,,,370,
@wylieesofia,https://twitter.com/wylieesofia/status/1720449456703705329,Nov-03,1,,Show more,354,they raised me
@wylieesofia,https://twitter.com/wylieesofia/status/1720446822290731301,Nov-03,19,136,,2.7K,no one loves this scene more than i do
@wylieesofia,https://twitter.com/wylieesofia/status/1720380462487490870,Nov-03,7,46,,1K,exactly
@wylieesofia,https://twitter.com/wylieesofia/status/1720446822290731301,Nov-03,19,136,,2.7K,no one loves this scene more than i do
@wylieesofia,https://twitter.com/wylieesofia/status/1720390538149429403,Nov-03,1,10,153,1.8K,i’m obsessed with the way she touches his chin
@wylieesofia,https://twitter.com/wylieesofia/status/1720380462487490870,Nov-03,7,46,,1K,exactly
@wylieesofia,https://twitter.com/wylieesofia/status/1720379773661118919,Nov-03,2,11,,295,she’s so beautiful
@wylieesofia,https://twitter.com/wylieesofia/status/1720379585831772613,Nov-03,1,9,,392,i need to see niall live so bad
@wylieesofia,https://twitter.com/wylieesofia/status/1720378714284769369,Nov-03,1,6,,287,i love niall so much
@wylieesofia,https://twitter.com/wylieesofia/status/1720373524773130330,Nov-03,2,,,120,shut up it’s SO GOOD
@wylieesofia,https://twitter.com/wylieesofia/status/1720370165722800357,Nov-03,1,1,15,721,isha is doing gods work
@wylieesofia,https://twitter.com/wylieesofia/status/1720370100471996717,Nov-03,1,6,42,763,this hurt
@wylieesofia,https://twitter.com/wylieesofia/status/1720380462487490870,Nov-03,7,46,,1K,exactly
@wylieesofia,https://twitter.com/wylieesofia/status/1720379585831772613,Nov-03,1,9,,392,i need to see niall live so bad
@oliviarodrigo,https://twitter.com/oliviarodrigo/status/1720299413862772767,Nov-03,1.2K,8.4K,49K,1.1M,yayayayyyy!!!! my new song “Can’t Catch Me Now” from the
@wylieesofia,https://twitter.com/wylieesofia/status/1720360470312292423,Nov-03,1,7,,263,SHES GLOWING
@wylieesofia,https://twitter.com/wylieesofia/status/1720370100471996717,Nov-03,1,6,42,763,this hurt
@wylieesofia,https://twitter.com/wylieesofia/status/1720340716168118486,Nov-03,4,24,,508,goodmorning <3
@wylieesofia,https://twitter.com/wylieesofia/status/1720218834425065668,Nov-03,32,,,432,goodnight <3
@wylieesofia,https://twitter.com/wylieesofia/status/1720218444895863230,Nov-03,1,29,220,2.4K,i understand ricky so well like i would fall in love with her too
@wylieesofia,https://twitter.com/wylieesofia/status/1720216443055116460,Nov-03,1,,,177,HOW CAN ANYONE HATE HIM I DONT UNDERSTAND
@wylieesofia,https://twitter.com/wylieesofia/status/1720202233432736005,Nov-03,7,100,,1K,she was thinking about ricky
@wylieesofia,https://twitter.com/wylieesofia/status/1720202044114444781,Nov-03,14,166,,1.5K,the fact that she smiles at ricky
